"ID","Name","Pos","Team","Price","xPts 1","xMin 1","xPts 2","xMin 2","xPts 3","xMin 3","xPts 4","xMin 4","xPts 5","xMin 5","xPts GW1-38"
"283","Salah","MID","LIV","13","6.28","NaN","6.38","NaN","5.62","NaN","7.67","NaN","6.35","NaN","236.28"
"306","Cancelo","DEF","MCI","7","4.84","NaN","6.30","NaN","4.90","NaN","5.89","NaN","6.29","NaN","198.49"
"285","Trent","DEF","LIV","7.5","5.47","NaN","6.25","NaN","4.53","NaN","6.83","NaN","5.92","NaN","209.23"
"301","De Bruyne","MID","MCI","12","4.85","NaN","6.13","NaN","4.58","NaN","5.18","NaN","5.91","NaN","193.36"
"314","Foden","MID","MCI","8","4.19","NaN","5.26","NaN","3.97","NaN","4.48","NaN","5.09","NaN","166.63"
"318","Haaland","FWD","MCI","11.5","4.13","NaN","5.22","NaN","3.87","NaN","4.39","NaN","5.04","NaN","164.84"
"284","Robertson","DEF","LIV","7","4.41","NaN","5.10","NaN","3.64","NaN","5.43","NaN","4.81","NaN","168.85"
"333","Fernandes","MID","MUN","10","5.10","NaN","4.85","NaN","4.26","NaN","5.16","NaN","4.81","NaN","188.58"
"28","Jesus","FWD","ARS","8","3.89","NaN","4.85","NaN","4.69","NaN","5.06","NaN","4.56","NaN","164.38"
"303","Mahrez","MID","MCI","8","3.80","NaN","4.74","NaN","3.61","NaN","4.06","NaN","4.59","NaN","151.21"
"280","van Dijk","DEF","LIV","6.5","4.00","NaN","4.68","NaN","3.29","NaN","4.90","NaN","4.40","NaN","153.71"
"312","Dias","DEF","MCI","6","3.66","NaN","4.65","NaN","3.75","NaN","4.45","NaN","4.66","NaN","149.40"
"304","Sterling","MID","CHE","10","4.76","NaN","4.61","NaN","5.32","NaN","5.46","NaN","5.08","NaN","184.62"
"13","Saka","MID","ARS","8","3.83","NaN","4.60","NaN","4.43","NaN","4.78","NaN","4.40","NaN","157.73"
"307","Ederson","GK","MCI","5.5","3.83","NaN","4.54","NaN","3.90","NaN","4.48","NaN","4.53","NaN","154.19"
"465","Bowen","MID","WHU","8.5","3.36","NaN","4.53","NaN","4.43","NaN","4.02","NaN","4.12","NaN","163.92"
"407","Ward-Prowse","MID","SOU","6.5","3.20","NaN","4.51","NaN","3.60","NaN","3.86","NaN","3.45","NaN","141.18"
"281","Alisson","GK","LIV","5.5","4.16","NaN","4.50","NaN","3.50","NaN","4.57","NaN","4.20","NaN","153.57"
"311","B Silva","MID","MCI","7","3.65","NaN","4.50","NaN","3.50","NaN","3.92","NaN","4.38","NaN","145.12"
"411","C Adams","FWD","SOU","6.5","3.14","NaN","4.46","NaN","3.54","NaN","3.77","NaN","3.26","NaN","136.35"
"33","Digne","DEF","AVL","5","3.87","NaN","4.32","NaN","3.61","NaN","3.80","NaN","2.70","NaN","130.82"
"40","Watkins","FWD","AVL","7.5","4.15","NaN","4.27","NaN","3.51","NaN","4.19","NaN","3.36","NaN","146.23"
"427","Kane","FWD","TOT","11.5","6.44","NaN","4.17","NaN","5.88","NaN","5.55","NaN","5.12","NaN","204.00"
"80","Toney","FWD","BRE","7","3.84","NaN","4.15","NaN","4.03","NaN","4.40","NaN","3.59","NaN","149.32"
"227","Bamford","FWD","LEE","7.5","4.39","NaN","4.14","NaN","3.59","NaN","3.55","NaN","4.50","NaN","150.25"
"31","E Martinez","GK","AVL","5","3.94","NaN","4.10","NaN","3.80","NaN","3.72","NaN","3.27","NaN","138.01"
"142","Mount","MID","CHE","8","4.18","NaN","4.04","NaN","4.59","NaN","4.69","NaN","4.40","NaN","161.04"
"428","Son","MID","TOT","12","6.38","NaN","4.00","NaN","5.85","NaN","5.50","NaN","5.00","NaN","199.78"
"309","Laporte","DEF","MCI","6","3.14","NaN","4.00","NaN","3.21","NaN","3.80","NaN","4.00","NaN","128.13"
"15","Ramsdale","GK","ARS","5","4.07","NaN","3.99","NaN","4.21","NaN","4.32","NaN","4.08","NaN","149.06"
"43","Cash","DEF","AVL","5","3.55","NaN","3.98","NaN","3.33","NaN","3.50","NaN","2.47","NaN","120.16"
"478","Sa","GK","WOL","5","3.46","NaN","3.93","NaN","2.85","NaN","3.64","NaN","3.81","NaN","132.41"
"476","Jimenez","FWD","WOL","7","3.69","NaN","3.92","NaN","2.95","NaN","3.46","NaN","3.63","NaN","128.37"
"106","Dunk","DEF","BHA","4.5","2.69","NaN","3.89","NaN","3.13","NaN","4.03","NaN","3.44","NaN","129.86"
"210","Mitrovic","FWD","FUL","6.5","3.55","NaN","3.88","NaN","4.47","NaN","3.50","NaN","4.09","NaN","152.34"
"111","Trossard","MID","BHA","6.5","3.45","NaN","3.86","NaN","3.60","NaN","4.59","NaN","3.84","NaN","142.53"
"293","Diaz","MID","LIV","8","3.79","NaN","3.85","NaN","3.43","NaN","4.50","NaN","3.82","NaN","142.60"
"146","R James","DEF","CHE","6","4.42","NaN","3.84","NaN","4.29","NaN","4.63","NaN","4.36","NaN","162.08"
"397","Awoniyi","FWD","NFO","6","3.19","NaN","3.81","NaN","3.46","NaN","3.39","NaN","2.59","NaN","132.43"
"113","R Sanchez","GK","BHA","4.5","3.12","NaN","3.81","NaN","3.40","NaN","3.93","NaN","3.75","NaN","138.00"
"305","Grealish","MID","MCI","7","3.11","NaN","3.81","NaN","2.98","NaN","3.33","NaN","3.71","NaN","123.38"
"327","de Gea","GK","MUN","5","3.95","NaN","3.73","NaN","3.11","NaN","3.67","NaN","3.40","NaN","138.21"
"112","Cucurella","DEF","BHA","5","2.84","NaN","3.72","NaN","3.04","NaN","3.69","NaN","3.59","NaN","122.31"
"7","Odegaard","MID","ARS","6.5","3.18","NaN","3.71","NaN","3.61","NaN","3.84","NaN","3.57","NaN","128.74"
"457","Cresswell","DEF","WHU","5","2.09","NaN","3.70","NaN","3.78","NaN","3.06","NaN","2.84","NaN","124.65"
"8","Tierney","DEF","ARS","5","3.54","NaN","3.67","NaN","3.74","NaN","3.95","NaN","3.74","NaN","128.63"
"276","Matip","DEF","LIV","6","3.14","NaN","3.67","NaN","2.58","NaN","3.86","NaN","3.45","NaN","120.49"
"191","Calvert-Lewin","FWD","EVE","8","3.56","NaN","3.66","NaN","4.66","NaN","3.85","NaN","4.32","NaN","149.59"
"340","Sancho","MID","MUN","7.5","3.81","NaN","3.65","NaN","3.22","NaN","3.87","NaN","3.64","NaN","141.13"
"455","Fabianski","GK","WHU","5","2.78","NaN","3.63","NaN","3.78","NaN","3.27","NaN","3.03","NaN","129.95"
"468","Soucek","MID","WHU","5.5","2.81","NaN","3.60","NaN","3.54","NaN","3.24","NaN","3.31","NaN","130.87"
"19","Martinelli","MID","ARS","6","2.98","NaN","3.58","NaN","3.43","NaN","3.69","NaN","3.42","NaN","122.67"
"29","Coutinho","MID","AVL","7","3.43","NaN","3.57","NaN","2.98","NaN","3.47","NaN","2.80","NaN","121.66"
"527","Lingard","MID","NFO","6","3.00","NaN","3.55","NaN","3.26","NaN","3.14","NaN","2.39","NaN","123.73"
"487","Ait-Nouri","DEF","WOL","4.5","2.93","NaN","3.54","NaN","2.01","NaN","3.36","NaN","3.32","NaN","111.03"
"212","H Wilson","MID","FUL","6","3.10","NaN","3.52","NaN","3.99","NaN","3.10","NaN","3.68","NaN","135.52"
"394","Brennan Johnson","FWD","NFO","6","3.01","NaN","3.50","NaN","3.21","NaN","3.18","NaN","2.55","NaN","123.13"
"109","Veltman","DEF","BHA","4.5","2.43","NaN","3.47","NaN","2.82","NaN","3.58","NaN","3.08","NaN","116.34"
"139","Chilwell","DEF","CHE","6","3.99","NaN","3.46","NaN","3.87","NaN","4.18","NaN","3.95","NaN","146.50"
"147","E Mendy","GK","CHE","5","3.90","NaN","3.42","NaN","3.72","NaN","3.89","NaN","3.82","NaN","143.65"
"356","C Wilson","FWD","NEW","7.5","4.41","NaN","3.39","NaN","3.06","NaN","3.64","NaN","2.97","NaN","143.49"
"345","Martial","FWD","MUN","7","3.49","NaN","3.39","NaN","3.05","NaN","3.60","NaN","3.41","NaN","131.30"
"477","Jonny","DEF","WOL","4.5","2.83","NaN","3.39","NaN","1.93","NaN","3.21","NaN","3.18","NaN","106.58"
"50","Carlos","DEF","AVL","5","3.01","NaN","3.38","NaN","2.85","NaN","2.95","NaN","2.10","NaN","101.73"
"376","Pope","GK","NEW","5","3.82","NaN","3.37","NaN","2.84","NaN","3.49","NaN","2.77","NaN","127.40"
"315","Rodri","MID","MCI","6","2.86","NaN","3.37","NaN","2.80","NaN","3.08","NaN","3.31","NaN","113.02"
"401","McCarthy","GK","SOU","4.5","2.37","NaN","3.37","NaN","2.83","NaN","2.86","NaN","2.90","NaN","116.37"
"297","Nunez","FWD","LIV","9","3.37","NaN","3.35","NaN","3.09","NaN","3.98","NaN","3.36","NaN","126.40"
"238","Meslier","GK","LEE","4.5","3.83","NaN","3.34","NaN","3.18","NaN","3.33","NaN","3.76","NaN","125.73"
"409","Walker-Peters","DEF","SOU","4.5","1.76","NaN","3.34","NaN","2.47","NaN","2.63","NaN","2.42","NaN","103.55"
"37","McGinn","MID","AVL","5.5","3.18","NaN","3.32","NaN","2.88","NaN","3.21","NaN","2.69","NaN","114.24"
"182","Pickford","GK","EVE","4.5","3.29","NaN","3.28","NaN","4.04","NaN","3.56","NaN","3.41","NaN","130.33"
"459","Dawson","DEF","WHU","5","1.85","NaN","3.28","NaN","3.38","NaN","2.74","NaN","2.52","NaN","111.06"
"475","Coady","DEF","WOL","5","2.69","NaN","3.27","NaN","1.82","NaN","3.14","NaN","3.08","NaN","102.96"
"213","Rodak","GK","FUL","4.5","2.48","NaN","3.27","NaN","3.54","NaN","2.68","NaN","3.44","NaN","116.40"
"14","Tomiyasu","DEF","ARS","4.5","3.15","NaN","3.26","NaN","3.31","NaN","3.50","NaN","3.33","NaN","114.24"
"0","Scamacca","FWD","WHU","3","2.64","NaN","3.26","NaN","3.22","NaN","2.98","NaN","3.09","NaN","120.31"
"16","Gabriel","DEF","ARS","5","3.10","NaN","3.23","NaN","3.28","NaN","3.48","NaN","3.29","NaN","112.56"
"335","Rashford","MID","MUN","6.5","3.36","NaN","3.22","NaN","2.86","NaN","3.41","NaN","3.21","NaN","124.65"
"410","Bednarek","DEF","SOU","4.5","1.67","NaN","3.22","NaN","2.37","NaN","2.53","NaN","2.36","NaN","100.28"
"425","Lloris","GK","TOT","5.5","4.03","NaN","3.20","NaN","4.21","NaN","3.87","NaN","3.41","NaN","139.44"
"398","D Henderson","GK","NFO","4.5","2.86","NaN","3.18","NaN","3.22","NaN","2.71","NaN","2.38","NaN","117.45"
"261","Maddison","MID","LEI","8","4.11","NaN","3.17","NaN","4.39","NaN","2.92","NaN","3.83","NaN","139.57"
"45","Bailey","MID","AVL","5","3.02","NaN","3.16","NaN","2.66","NaN","3.08","NaN","2.49","NaN","107.97"
"81","Raya","GK","BRE","4.5","3.14","NaN","3.15","NaN","3.49","NaN","3.83","NaN","3.53","NaN","127.54"
"419","Livramento","DEF","SOU","4.5","1.73","NaN","3.15","NaN","2.37","NaN","2.51","NaN","2.31","NaN","98.42"
"255","Vardy","FWD","LEI","9.5","3.95","NaN","3.13","NaN","4.19","NaN","2.90","NaN","3.75","NaN","135.43"
"209","Adarabioyo","DEF","FUL","4.5","1.76","NaN","3.12","NaN","3.47","NaN","2.10","NaN","3.30","NaN","105.10"
"368","Saint-Maximin","MID","NEW","6.5","3.97","NaN","3.11","NaN","2.75","NaN","3.34","NaN","2.66","NaN","129.09"
"10","B White","DEF","ARS","4.5","3.03","NaN","3.11","NaN","3.17","NaN","3.35","NaN","3.19","NaN","109.21"
"458","Antonio","FWD","WHU","7.5","2.46","NaN","3.10","NaN","3.03","NaN","2.81","NaN","2.91","NaN","113.58"
"367","Targett","DEF","NEW","5","4.15","NaN","3.08","NaN","2.07","NaN","3.48","NaN","1.68","NaN","120.75"
"520","Koulibaly","DEF","CHE","5.5","3.62","NaN","3.08","NaN","3.39","NaN","3.71","NaN","3.51","NaN","131.37"
"95","Mbeumo","FWD","BRE","6","2.92","NaN","3.08","NaN","3.02","NaN","3.23","NaN","2.76","NaN","112.29"
"493","Gibbs-White","MID","WOL","5.5","2.86","NaN","3.06","NaN","2.31","NaN","2.77","NaN","2.86","NaN","101.65"
"248","Schmeichel","GK","LEI","5","3.86","NaN","3.04","NaN","3.80","NaN","2.98","NaN","3.20","NaN","129.95"
"160","Zaha","MID","CRY","7","3.84","NaN","3.04","NaN","4.14","NaN","2.86","NaN","4.33","NaN","148.21"
"480","Neves","MID","WOL","5.5","2.84","NaN","3.04","NaN","2.38","NaN","2.81","NaN","2.86","NaN","102.75"
"116","Mac Allister","MID","BHA","5.5","2.73","NaN","3.04","NaN","2.84","NaN","3.48","NaN","2.98","NaN","111.93"
"469","Fornals","MID","WHU","5.5","2.42","NaN","3.04","NaN","3.01","NaN","2.77","NaN","2.81","NaN","111.05"
"145","Havertz","FWD","CHE","8","3.05","NaN","3.02","NaN","3.36","NaN","3.45","NaN","3.23","NaN","118.75"
"103","Welbeck","FWD","BHA","6.5","2.80","NaN","3.02","NaN","2.88","NaN","3.62","NaN","3.06","NaN","112.99"
"374","Guimaraes","MID","NEW","6","3.84","NaN","3.01","NaN","2.67","NaN","3.23","NaN","2.57","NaN","124.76"
"474","Boly","DEF","WOL","4.5","2.48","NaN","3.01","NaN","1.67","NaN","2.89","NaN","2.84","NaN","94.69"
"406","Elyounoussi","MID","SOU","5.5","2.22","NaN","3.01","NaN","2.49","NaN","2.61","NaN","2.32","NaN","95.88"
"108","Webster","DEF","BHA","4.5","2.15","NaN","3.01","NaN","2.47","NaN","3.12","NaN","2.69","NaN","101.69"
"508","Sinisterra","MID","LEE","6.5","3.19","NaN","3.00","NaN","2.66","NaN","2.70","NaN","3.22","NaN","109.82"
"47","Ramsey","MID","AVL","5.5","2.88","NaN","2.99","NaN","2.60","NaN","2.90","NaN","2.44","NaN","103.37"
"408","A Armstrong","FWD","SOU","5.5","2.24","NaN","2.98","NaN","2.48","NaN","2.60","NaN","2.30","NaN","94.70"
"0","L Martinez","DEF","MUN","3","3.33","NaN","2.97","NaN","2.07","NaN","3.03","NaN","2.68","NaN","111.32"
"464","Benrahma","MID","WHU","6","2.34","NaN","2.97","NaN","2.92","NaN","2.69","NaN","2.74","NaN","108.31"
"405","S Armstrong","MID","SOU","5","2.25","NaN","2.97","NaN","2.49","NaN","2.61","NaN","2.36","NaN","96.50"
"461","Zouma","DEF","WHU","4.5","1.68","NaN","2.96","NaN","3.05","NaN","2.46","NaN","2.25","NaN","99.73"
"503","Moutinho","MID","WOL","5","2.77","NaN","2.95","NaN","2.37","NaN","2.75","NaN","2.81","NaN","100.98"
"387","Yates","MID","NFO","5","2.60","NaN","2.95","NaN","2.77","NaN","2.67","NaN","2.19","NaN","104.91"
"195","Gordon","MID","EVE","5.5","2.83","NaN","2.92","NaN","3.60","NaN","3.05","NaN","3.30","NaN","117.30"
"39","Mings","DEF","AVL","4.5","2.60","NaN","2.92","NaN","2.47","NaN","2.55","NaN","1.81","NaN","87.91"
"523","Toffolo","DEF","NFO","4.5","2.42","NaN","2.91","NaN","2.78","NaN","2.18","NaN","1.02","NaN","97.58"
"201","Ream","DEF","FUL","4.5","1.61","NaN","2.90","NaN","3.20","NaN","1.94","NaN","3.06","NaN","96.89"
"377","Botman","DEF","NEW","4.5","3.83","NaN","2.87","NaN","1.91","NaN","3.24","NaN","1.54","NaN","111.59"
"338","McTominay","MID","MUN","5","2.99","NaN","2.86","NaN","2.59","NaN","2.96","NaN","2.82","NaN","110.06"
"313","Zinchenko","DEF","ARS","5","2.71","NaN","2.86","NaN","2.89","NaN","3.05","NaN","2.89","NaN","100.12"
"66","Solanke","FWD","BOU","6","3.95","NaN","2.82","NaN","3.68","NaN","3.01","NaN","4.08","NaN","141.59"
"486","Neto","MID","WOL","5.5","2.65","NaN","2.82","NaN","2.16","NaN","2.56","NaN","2.65","NaN","94.37"
"30","Ings","FWD","AVL","7","2.73","NaN","2.81","NaN","2.36","NaN","2.75","NaN","2.28","NaN","97.21"
"79","Norgaard","MID","BRE","5.5","2.68","NaN","2.81","NaN","2.79","NaN","3.03","NaN","2.66","NaN","104.71"
"357","Trippier","DEF","NEW","5","3.71","NaN","2.80","NaN","1.93","NaN","3.15","NaN","1.59","NaN","109.35"
"331","Fred","MID","MUN","5.5","2.92","NaN","2.79","NaN","2.53","NaN","2.90","NaN","2.76","NaN","107.49"
"0","Kounde","DEF","CHE","3","3.26","NaN","2.78","NaN","3.09","NaN","3.36","NaN","3.20","NaN","118.79"
"3","Xhaka","MID","ARS","5","2.51","NaN","2.78","NaN","2.71","NaN","2.86","NaN","2.73","NaN","98.87"
"110","Maupay","FWD","BHA","6.5","2.56","NaN","2.77","NaN","2.63","NaN","3.25","NaN","2.77","NaN","103.34"
"467","Rice","MID","WHU","5","2.33","NaN","2.76","NaN","2.76","NaN","2.56","NaN","2.58","NaN","101.41"
"354","Wood","FWD","NEW","6","3.44","NaN","2.75","NaN","2.53","NaN","2.92","NaN","2.47","NaN","114.46"
"275","J Henderson","MID","LIV","5.5","2.68","NaN","2.75","NaN","2.49","NaN","3.02","NaN","2.72","NaN","101.42"
"92","Pinnock","DEF","BRE","4.5","2.61","NaN","2.75","NaN","2.89","NaN","3.66","NaN","3.08","NaN","108.79"
"282","Fabinho","MID","LIV","5.5","2.63","NaN","2.73","NaN","2.44","NaN","2.95","NaN","2.70","NaN","99.83"
"402","Romeu","MID","SOU","5","2.15","NaN","2.72","NaN","2.33","NaN","2.44","NaN","2.28","NaN","91.12"
"463","Coufal","DEF","WHU","4.5","1.61","NaN","2.71","NaN","2.77","NaN","2.28","NaN","2.12","NaN","92.12"
"217","Robinson","DEF","FUL","4.5","1.56","NaN","2.70","NaN","3.01","NaN","1.83","NaN","2.86","NaN","91.44"
"123","Undav","FWD","BHA","5.5","2.50","NaN","2.69","NaN","2.57","NaN","3.15","NaN","2.68","NaN","100.57"
"244","Kristensen","DEF","LEE","5","3.44","NaN","2.67","NaN","2.19","NaN","2.43","NaN","3.34","NaN","95.99"
"332","Shaw","DEF","MUN","5","2.96","NaN","2.65","NaN","1.89","NaN","2.69","NaN","2.40","NaN","99.73"
"189","D Gray","MID","EVE","5.5","2.54","NaN","2.65","NaN","3.24","NaN","2.75","NaN","2.96","NaN","105.83"
"295","N Williams","DEF","NFO","4","2.21","NaN","2.64","NaN","2.53","NaN","2.00","NaN","0.97","NaN","88.90"
"460","Lanzini","MID","WHU","5.5","2.20","NaN","2.64","NaN","2.63","NaN","2.43","NaN","2.48","NaN","97.12"
"128","T Silva","DEF","CHE","5.5","3.09","NaN","2.63","NaN","2.89","NaN","3.13","NaN","2.99","NaN","111.84"
"204","Kebano","MID","FUL","5.5","2.35","NaN","2.62","NaN","2.89","NaN","2.36","NaN","2.72","NaN","100.26"
"259","Tielemans","MID","LEI","6.5","3.20","NaN","2.61","NaN","3.34","NaN","2.47","NaN","3.00","NaN","111.01"
"185","A Doucoure","MID","EVE","5.5","2.55","NaN","2.60","NaN","3.15","NaN","2.71","NaN","2.88","NaN","103.90"
"388","Worrall","DEF","NFO","4.5","2.20","NaN","2.60","NaN","2.54","NaN","1.91","NaN","0.81","NaN","87.44"
"385","McKenna","DEF","NFO","4.5","2.20","NaN","2.59","NaN","2.54","NaN","1.91","NaN","0.81","NaN","87.30"
"0","Mbabu","DEF","FUL","3","1.53","NaN","2.57","NaN","2.86","NaN","1.77","NaN","2.72","NaN","87.58"
"371","Joelinton","MID","NEW","6","3.17","NaN","2.56","NaN","2.30","NaN","2.72","NaN","2.23","NaN","104.53"
"349","Shelvey","MID","NEW","5","3.09","NaN","2.55","NaN","2.31","NaN","2.70","NaN","2.23","NaN","103.22"
"86","Janelt","MID","BRE","5.5","2.43","NaN","2.55","NaN","2.53","NaN","2.74","NaN","2.40","NaN","94.74"
"264","Barnes","MID","LEI","7","3.19","NaN","2.54","NaN","3.39","NaN","2.36","NaN","2.99","NaN","109.75"
"299","Walker","DEF","MCI","5","2.04","NaN","2.54","NaN","2.10","NaN","2.46","NaN","2.55","NaN","82.88"
"483","Podence","MID","WOL","5.5","2.39","NaN","2.52","NaN","2.00","NaN","2.32","NaN","2.39","NaN","85.80"
"399","Biancone","DEF","NFO","4.5","2.11","NaN","2.52","NaN","2.42","NaN","1.89","NaN","0.86","NaN","84.70"
"78","Jansson","DEF","BRE","4.5","2.36","NaN","2.51","NaN","2.63","NaN","3.34","NaN","2.79","NaN","98.95"
"262","Iheanacho","FWD","LEI","6.5","3.11","NaN","2.50","NaN","3.31","NaN","2.32","NaN","2.96","NaN","107.49"
"186","Iwobi","MID","EVE","5.5","2.40","NaN","2.48","NaN","2.96","NaN","2.57","NaN","2.73","NaN","98.40"
"446","Kulusevski","MID","TOT","8","3.55","NaN","2.46","NaN","3.32","NaN","3.14","NaN","2.91","NaN","115.28"
"72","Travers","GK","BOU","4.5","3.30","NaN","2.46","NaN","3.06","NaN","2.53","NaN","3.66","NaN","118.77"
"288","Jota","FWD","LIV","9","2.47","NaN","2.46","NaN","2.29","NaN","2.88","NaN","2.47","NaN","93.00"
"228","Llorente","DEF","LEE","4.5","3.26","NaN","2.45","NaN","2.05","NaN","2.27","NaN","3.15","NaN","89.09"
"246","Aaronson","MID","LEE","5.5","2.60","NaN","2.45","NaN","2.24","NaN","2.27","NaN","2.61","NaN","90.64"
"279","Firmino","FWD","LIV","8","2.48","NaN","2.45","NaN","2.31","NaN","2.84","NaN","2.46","NaN","92.97"
"342","Dalot","DEF","MUN","4.5","2.71","NaN","2.42","NaN","1.72","NaN","2.46","NaN","2.19","NaN","90.96"
"373","Willock","MID","NEW","5","2.95","NaN","2.41","NaN","2.16","NaN","2.55","NaN","2.11","NaN","97.93"
"205","Reid","MID","FUL","5.5","2.15","NaN","2.39","NaN","2.64","NaN","2.16","NaN","2.48","NaN","91.43"
"245","Roca","MID","LEE","5","2.54","NaN","2.38","NaN","2.21","NaN","2.22","NaN","2.56","NaN","88.70"
"479","Dendoncker","MID","WOL","5","2.24","NaN","2.37","NaN","1.93","NaN","2.21","NaN","2.26","NaN","81.62"
"346","A Pereira","MID","FUL","4.5","2.16","NaN","2.37","NaN","2.61","NaN","2.15","NaN","2.47","NaN","90.74"
"403","Redmond","MID","SOU","5.5","1.83","NaN","2.36","NaN","2.01","NaN","2.09","NaN","1.91","NaN","77.51"
"114","Lamptey","DEF","BHA","4.5","1.74","NaN","2.34","NaN","1.96","NaN","2.46","NaN","2.12","NaN","80.18"
"12","Smith Rowe","MID","ARS","6","2.04","NaN","2.33","NaN","2.28","NaN","2.40","NaN","2.25","NaN","82.03"
"433","Hojbjerg","MID","TOT","5.5","2.98","NaN","2.32","NaN","2.90","NaN","2.76","NaN","2.58","NaN","101.74"
"168","Mateta","FWD","CRY","5.5","2.83","NaN","2.32","NaN","3.03","NaN","2.18","NaN","3.16","NaN","109.86"
"300","Gundogan","MID","MCI","7.5","1.93","NaN","2.32","NaN","1.85","NaN","2.04","NaN","2.26","NaN","76.06"
"515","Lewis-Potter","FWD","BRE","5.5","2.21","NaN","2.31","NaN","2.28","NaN","2.41","NaN","2.11","NaN","84.94"
"326","Ronaldo","FWD","MUN","10.5","2.40","NaN","2.30","NaN","2.09","NaN","2.45","NaN","2.31","NaN","89.69"
"194","Mykolenko","DEF","EVE","4.5","2.19","NaN","2.30","NaN","3.25","NaN","2.52","NaN","2.44","NaN","92.40"
"443","Romero","DEF","TOT","5","3.78","NaN","2.28","NaN","3.99","NaN","3.49","NaN","2.83","NaN","119.83"
"179","Townsend","MID","EVE","5.5","2.23","NaN","2.28","NaN","2.74","NaN","2.38","NaN","2.54","NaN","91.05"
"132","Kovacic","MID","CHE","5","2.33","NaN","2.26","NaN","2.45","NaN","2.51","NaN","2.39","NaN","89.10"
"430","Dier","DEF","TOT","5","3.66","NaN","2.25","NaN","3.84","NaN","3.39","NaN","2.79","NaN","116.72"
"180","Keane","DEF","EVE","4.5","2.18","NaN","2.25","NaN","3.27","NaN","2.50","NaN","2.39","NaN","91.54"
"88","Jensen","MID","BRE","5","2.17","NaN","2.25","NaN","2.23","NaN","2.40","NaN","2.12","NaN","83.79"
"319","Alvarez","FWD","MCI","6.5","1.89","NaN","2.25","NaN","1.80","NaN","1.96","NaN","2.19","NaN","74.26"
"266","Dewsbury-Hall","MID","LEI","5","2.66","NaN","2.23","NaN","2.76","NaN","2.13","NaN","2.51","NaN","93.47"
"265","Ndidi","MID","LEI","5","2.63","NaN","2.23","NaN","2.70","NaN","2.15","NaN","2.47","NaN","92.57"
"330","Maguire","DEF","MUN","5","2.52","NaN","2.23","NaN","1.54","NaN","2.26","NaN","1.99","NaN","83.52"
"277","Thiago","MID","LIV","5.5","2.16","NaN","2.23","NaN","2.02","NaN","2.43","NaN","2.21","NaN","82.16"
"120","Caicedo","MID","BHA","5","2.00","NaN","2.21","NaN","2.08","NaN","2.44","NaN","2.16","NaN","81.47"
"358","Burn","DEF","NEW","4.5","2.93","NaN","2.20","NaN","1.49","NaN","2.47","NaN","1.21","NaN","85.71"
"137","Werner","FWD","CHE","8","2.22","NaN","2.19","NaN","2.43","NaN","2.47","NaN","2.34","NaN","85.99"
"82","Canos","DEF","BRE","5","2.06","NaN","2.18","NaN","2.22","NaN","2.69","NaN","2.24","NaN","83.43"
"75","Anthony","MID","BOU","5.5","2.99","NaN","2.17","NaN","2.77","NaN","2.29","NaN","3.12","NaN","107.05"
"506","T Adams","MID","LEE","5","2.30","NaN","2.16","NaN","2.04","NaN","2.04","NaN","2.31","NaN","80.85"
"169","Eze","MID","CRY","5.5","2.63","NaN","2.14","NaN","2.79","NaN","2.04","NaN","2.92","NaN","101.39"
"200","Cairney","MID","FUL","5","1.95","NaN","2.13","NaN","2.30","NaN","1.96","NaN","2.20","NaN","81.09"
"381","Colback","MID","NFO","4.5","1.92","NaN","2.09","NaN","2.01","NaN","1.95","NaN","1.71","NaN","75.95"
"42","Buendia","MID","AVL","6","2.01","NaN","2.08","NaN","1.80","NaN","2.03","NaN","1.70","NaN","72.16"
"524","O'Brien","MID","NFO","5","1.88","NaN","2.07","NaN","1.97","NaN","1.91","NaN","1.65","NaN","74.71"
"448","Perisic","DEF","TOT","5.5","3.38","NaN","2.06","NaN","3.36","NaN","3.03","NaN","2.58","NaN","106.11"
"454","Richarlison","FWD","TOT","8.5","2.81","NaN","2.06","NaN","2.62","NaN","2.52","NaN","2.37","NaN","93.26"
"70","Billing","MID","BOU","5.5","2.77","NaN","2.03","NaN","2.58","NaN","2.13","NaN","2.89","NaN","99.24"
"69","Christie","MID","BOU","5.5","2.74","NaN","2.03","NaN","2.56","NaN","2.13","NaN","2.86","NaN","98.54"
"510","Hickey","DEF","BRE","5","1.91","NaN","2.03","NaN","2.12","NaN","2.67","NaN","2.26","NaN","79.98"
"46","Douglas Luiz","MID","AVL","5","1.94","NaN","2.02","NaN","1.80","NaN","1.96","NaN","1.70","NaN","70.58"
"84","Ajer","DEF","BRE","4.5","1.89","NaN","2.00","NaN","2.09","NaN","2.64","NaN","2.23","NaN","79.00"
"231","D James","MID","LEE","6","2.11","NaN","1.99","NaN","1.80","NaN","1.82","NaN","2.12","NaN","73.37"
"225","Rodrigo","MID","LEE","6","2.12","NaN","1.98","NaN","1.77","NaN","1.76","NaN","2.16","NaN","72.78"
"211","Reed","MID","FUL","4.5","1.79","NaN","1.94","NaN","2.08","NaN","1.80","NaN","2.00","NaN","73.65"
"134","Kante","MID","CHE","5","2.00","NaN","1.93","NaN","2.07","NaN","2.12","NaN","2.04","NaN","76.16"
"220","Palhinha","MID","FUL","5","1.77","NaN","1.93","NaN","2.08","NaN","1.77","NaN","1.99","NaN","73.29"
"302","Stones","DEF","MCI","5.5","1.54","NaN","1.93","NaN","1.59","NaN","1.86","NaN","1.94","NaN","62.72"
"271","Daka","FWD","LEI","6","2.31","NaN","1.92","NaN","2.45","NaN","1.81","NaN","2.22","NaN","80.92"
"64","Lerma","MID","BOU","5","2.49","NaN","1.91","NaN","2.35","NaN","1.98","NaN","2.60","NaN","89.78"
"193","Godfrey","DEF","EVE","4.5","1.82","NaN","1.90","NaN","2.72","NaN","2.09","NaN","2.00","NaN","76.59"
"379","S Cook","DEF","NFO","4.5","1.62","NaN","1.90","NaN","1.86","NaN","1.41","NaN","0.62","NaN","64.13"
"359","Fraser","MID","NEW","5.5","2.30","NaN","1.87","NaN","1.69","NaN","1.98","NaN","1.65","NaN","76.46"
"53","Kamara","MID","AVL","5","1.81","NaN","1.87","NaN","1.71","NaN","1.81","NaN","1.62","NaN","66.08"
"256","R Pereira","DEF","LEI","4.5","2.72","NaN","1.84","NaN","2.76","NaN","1.70","NaN","2.22","NaN","86.76"
"233","Harrison","MID","LEE","6","1.95","NaN","1.84","NaN","1.65","NaN","1.66","NaN","1.98","NaN","67.60"
"67","L Cook","MID","BOU","5","2.24","NaN","1.83","NaN","2.14","NaN","1.87","NaN","2.33","NaN","81.60"
"154","McArthur","MID","CRY","5","2.12","NaN","1.83","NaN","2.23","NaN","1.78","NaN","2.30","NaN","81.48"
"272","Fofana","DEF","LEI","4.5","2.82","NaN","1.81","NaN","2.84","NaN","1.65","NaN","2.21","NaN","87.87"
"491","A Traore","MID","WOL","5.5","1.73","NaN","1.81","NaN","1.48","NaN","1.68","NaN","1.73","NaN","62.45"
"329","Varane","DEF","MUN","5","1.99","NaN","1.78","NaN","1.22","NaN","1.78","NaN","1.58","NaN","66.19"
"197","Patterson","DEF","EVE","4","1.70","NaN","1.78","NaN","2.44","NaN","1.93","NaN","1.87","NaN","71.05"
"25","Vieira","MID","ARS","6","1.56","NaN","1.77","NaN","1.72","NaN","1.81","NaN","1.71","NaN","62.56"
"140","Pulisic","MID","CHE","6","1.81","NaN","1.76","NaN","1.94","NaN","1.99","NaN","1.89","NaN","69.75"
"161","Schlupp","MID","CRY","5","2.04","NaN","1.75","NaN","2.17","NaN","1.68","NaN","2.24","NaN","78.96"
"130","Jorginho","MID","CHE","6","1.76","NaN","1.75","NaN","1.83","NaN","1.88","NaN","1.78","NaN","67.56"
"440","Bentancur","MID","TOT","5.5","2.21","NaN","1.74","NaN","2.15","NaN","2.05","NaN","1.93","NaN","75.97"
"526","Mee","DEF","BRE","4.5","1.64","NaN","1.74","NaN","1.82","NaN","2.31","NaN","1.94","NaN","68.69"
"159","Ayew","MID","CRY","5.5","2.06","NaN","1.73","NaN","2.19","NaN","1.65","NaN","2.28","NaN","79.64"
"513","Lenglet","DEF","TOT","5","2.87","NaN","1.72","NaN","3.02","NaN","2.64","NaN","2.14","NaN","90.77"
"190","T Davies","MID","EVE","5","1.69","NaN","1.72","NaN","1.97","NaN","1.77","NaN","1.84","NaN","67.62"
"519","Eriksen","MID","MUN","6.5","1.77","NaN","1.71","NaN","1.55","NaN","1.78","NaN","1.70","NaN","65.74"
"512","Aribo","MID","SOU","5.5","1.40","NaN","1.71","NaN","1.51","NaN","1.55","NaN","1.45","NaN","58.03"
"412","Tella","MID","SOU","5","1.37","NaN","1.71","NaN","1.49","NaN","1.54","NaN","1.43","NaN","57.35"
"366","Schar","DEF","NEW","4.5","2.31","NaN","1.70","NaN","1.14","NaN","1.93","NaN","0.91","NaN","66.73"
"420","Salisu","DEF","SOU","4.5","0.93","NaN","1.70","NaN","1.29","NaN","1.36","NaN","1.28","NaN","53.85"
"165","Andersen","DEF","CRY","4.5","3.23","NaN","1.69","NaN","3.72","NaN","1.57","NaN","4.02","NaN","125.01"
"171","Olise","MID","CRY","5.5","1.99","NaN","1.68","NaN","2.11","NaN","1.61","NaN","2.19","NaN","76.87"
"287","Keita","MID","LIV","5","1.64","NaN","1.67","NaN","1.53","NaN","1.85","NaN","1.66","NaN","62.01"
"516","Collins","DEF","WOL","4.5","1.35","NaN","1.64","NaN","0.90","NaN","1.56","NaN","1.53","NaN","51.25"
"183","Allan","MID","EVE","5","1.63","NaN","1.63","NaN","1.84","NaN","1.67","NaN","1.70","NaN","63.97"
"117","Moder","MID","BHA","4.5","1.50","NaN","1.63","NaN","1.55","NaN","1.78","NaN","1.60","NaN","60.41"
"423","Bella-Kotchap","DEF","SOU","4.5","0.89","NaN","1.63","NaN","1.24","NaN","1.30","NaN","1.25","NaN","52.22"
"60","Brooks","MID","BOU","5.5","2.14","NaN","1.62","NaN","2.01","NaN","1.69","NaN","2.22","NaN","77.05"
"514","C Doucoure","MID","CRY","5","1.87","NaN","1.61","NaN","1.97","NaN","1.56","NaN","2.03","NaN","71.83"
"118","Mwepu","MID","BHA","5.5","1.48","NaN","1.61","NaN","1.53","NaN","1.79","NaN","1.59","NaN","59.66"
"167","Guehi","DEF","CRY","4.5","3.00","NaN","1.60","NaN","3.46","NaN","1.48","NaN","3.72","NaN","116.09"
"242","Gelhardt","FWD","LEE","5.5","1.66","NaN","1.60","NaN","1.47","NaN","1.47","NaN","1.68","NaN","59.07"
"344","Elanga","MID","MUN","5","1.65","NaN","1.60","NaN","1.48","NaN","1.65","NaN","1.59","NaN","61.30"
"432","Ben T Davies","DEF","TOT","5","2.55","NaN","1.59","NaN","2.66","NaN","2.36","NaN","1.96","NaN","81.61"
"268","Justin","DEF","LEI","4.5","2.37","NaN","1.59","NaN","2.40","NaN","1.47","NaN","1.92","NaN","75.34"
"249","Evans","DEF","LEI","4.5","2.45","NaN","1.58","NaN","2.48","NaN","1.44","NaN","1.93","NaN","76.53"
"258","Castagne","DEF","LEI","4.5","2.34","NaN","1.58","NaN","2.36","NaN","1.46","NaN","1.88","NaN","74.43"
"0","Lookman","MID","LEI","3","1.96","NaN","1.58","NaN","2.07","NaN","1.48","NaN","1.84","NaN","67.76"
"444","Bissouma","MID","TOT","5","1.93","NaN","1.58","NaN","1.89","NaN","1.81","NaN","1.71","NaN","67.25"
"484","Kilman","DEF","WOL","4.5","1.32","NaN","1.58","NaN","0.92","NaN","1.52","NaN","1.49","NaN","50.27"
"152","Guaita","GK","CRY","4.5","2.01","NaN","1.57","NaN","2.17","NaN","1.53","NaN","2.33","NaN","77.65"
"226","Dallas","DEF","LEE","5","1.96","NaN","1.57","NaN","1.34","NaN","1.45","NaN","1.92","NaN","57.31"
"181","Alli","MID","EVE","5.5","1.52","NaN","1.56","NaN","1.86","NaN","1.61","NaN","1.73","NaN","61.98"
"199","Tarkowski","DEF","EVE","4.5","1.49","NaN","1.56","NaN","2.26","NaN","1.72","NaN","1.66","NaN","63.22"
"436","Sessegnon","DEF","TOT","4.5","2.43","NaN","1.54","NaN","2.45","NaN","2.21","NaN","1.89","NaN","77.59"
"472","Aguerd","DEF","WHU","5","0.90","NaN","1.52","NaN","1.56","NaN","1.28","NaN","1.18","NaN","51.59"
"170","Mitchell","DEF","CRY","4.5","2.69","NaN","1.49","NaN","3.08","NaN","1.39","NaN","3.30","NaN","103.95"
"26","Saliba","DEF","ARS","4.5","1.47","NaN","1.49","NaN","1.53","NaN","1.61","NaN","1.54","NaN","52.65"
"481","Hwang","MID","WOL","6","1.41","NaN","1.47","NaN","1.21","NaN","1.37","NaN","1.41","NaN","50.84"
"178","Coleman","DEF","EVE","4.5","1.40","NaN","1.45","NaN","1.97","NaN","1.57","NaN","1.53","NaN","58.06"
"104","Gross","MID","BHA","5.5","1.31","NaN","1.44","NaN","1.36","NaN","1.63","NaN","1.42","NaN","53.36"
"290","Konate","DEF","LIV","5","1.19","NaN","1.42","NaN","0.97","NaN","1.46","NaN","1.33","NaN","46.11"
"11","Nketiah","FWD","ARS","7","1.22","NaN","1.41","NaN","1.37","NaN","1.44","NaN","1.35","NaN","49.43"
"157","Clyne","DEF","CRY","4.5","2.51","NaN","1.37","NaN","2.88","NaN","1.27","NaN","3.09","NaN","96.99"
"431","Lucas Moura","MID","TOT","6","1.74","NaN","1.37","NaN","1.67","NaN","1.61","NaN","1.52","NaN","59.58"
"89","Wissa","MID","BRE","5.5","1.32","NaN","1.37","NaN","1.36","NaN","1.45","NaN","1.28","NaN","50.74"
"341","Wan-Bissaka","DEF","MUN","4.5","1.51","NaN","1.36","NaN","0.96","NaN","1.36","NaN","1.22","NaN","50.72"
"135","Ziyech","MID","CHE","6","1.35","NaN","1.32","NaN","1.44","NaN","1.46","NaN","1.39","NaN","51.66"
"267","Soyuncu","DEF","LEI","4.5","2.02","NaN","1.31","NaN","2.03","NaN","1.20","NaN","1.58","NaN","63.13"
"239","Firpo","DEF","LEE","4.5","1.62","NaN","1.29","NaN","1.11","NaN","1.19","NaN","1.59","NaN","47.10"
"62","Kieffer Moore","FWD","BOU","5.5","1.58","NaN","1.29","NaN","1.51","NaN","1.34","NaN","1.62","NaN","57.93"
"166","Edouard","FWD","CRY","5.5","1.50","NaN","1.29","NaN","1.59","NaN","1.23","NaN","1.64","NaN","58.13"
"235","Struijk","DEF","LEE","4.5","1.62","NaN","1.28","NaN","1.08","NaN","1.18","NaN","1.57","NaN","46.32"
"93","Onyeka","MID","BRE","5","1.23","NaN","1.27","NaN","1.26","NaN","1.34","NaN","1.23","NaN","47.78"
"61","Lowe","MID","BOU","5.5","1.56","NaN","1.26","NaN","1.48","NaN","1.30","NaN","1.61","NaN","56.94"
"85","Henry","DEF","BRE","4.5","1.19","NaN","1.24","NaN","1.29","NaN","1.56","NaN","1.35","NaN","48.62"
"471","Ben Johnson","DEF","WHU","4.5","0.76","NaN","1.20","NaN","1.24","NaN","1.04","NaN","0.96","NaN","41.31"
"221","Cooper","DEF","LEE","4.5","1.59","NaN","1.19","NaN","1.01","NaN","1.11","NaN","1.53","NaN","43.35"
"44","Konsa","DEF","AVL","4.5","1.06","NaN","1.19","NaN","1.01","NaN","1.05","NaN","0.76","NaN","36.18"
"107","March","MID","BHA","5","1.09","NaN","1.18","NaN","1.12","NaN","1.29","NaN","1.16","NaN","43.73"
"175","Johnstone","GK","CRY","4.5","1.36","NaN","1.16","NaN","1.44","NaN","1.14","NaN","1.53","NaN","52.36"
"365","Murphy","MID","NEW","4.5","1.33","NaN","1.14","NaN","1.05","NaN","1.19","NaN","1.03","NaN","45.57"
"101","Lallana","MID","BHA","5","1.05","NaN","1.12","NaN","1.08","NaN","1.20","NaN","1.10","NaN","41.81"
"391","Surridge","FWD","NFO","5","0.99","NaN","1.10","NaN","1.04","NaN","1.03","NaN","0.89","NaN","39.66"
"490","Chiquinho","MID","WOL","5","1.03","NaN","1.09","NaN","0.88","NaN","1.01","NaN","1.03","NaN","37.33"
"334","Telles","DEF","MUN","5","1.18","NaN","1.08","NaN","0.82","NaN","1.09","NaN","1.00","NaN","40.62"
"380","Taylor","FWD","NFO","4.5","1.00","NaN","1.07","NaN","1.03","NaN","1.02","NaN","0.93","NaN","39.15"
"148","Gallagher","MID","CHE","6","1.07","NaN","1.04","NaN","1.13","NaN","1.15","NaN","1.10","NaN","40.85"
"144","Hudson-Odoi","MID","CHE","5.5","1.06","NaN","1.03","NaN","1.12","NaN","1.14","NaN","1.10","NaN","40.54"
"9","Pepe","MID","ARS","5.5","0.92","NaN","1.03","NaN","1.01","NaN","1.06","NaN","1.00","NaN","36.67"
"296","Carvalho","MID","LIV","5.5","0.98","NaN","1.00","NaN","0.92","NaN","1.11","NaN","0.99","NaN","37.16"
"224","Forshaw","MID","LEE","4.5","1.01","NaN","0.97","NaN","0.94","NaN","0.94","NaN","1.01","NaN","36.58"
"222","Ayling","DEF","LEE","4.5","1.23","NaN","0.96","NaN","0.81","NaN","0.88","NaN","1.19","NaN","34.72"
"429","Doherty","DEF","TOT","5","1.50","NaN","0.95","NaN","1.52","NaN","1.37","NaN","1.17","NaN","48.03"
"413","Lyanco","DEF","SOU","4.5","0.64","NaN","0.95","NaN","0.79","NaN","0.82","NaN","0.79","NaN","32.00"
"274","Milner","MID","LIV","4.5","0.90","NaN","0.92","NaN","0.86","NaN","0.97","NaN","0.91","NaN","34.15"
"215","Tete","DEF","FUL","4.5","0.63","NaN","0.92","NaN","1.00","NaN","0.70","NaN","0.96","NaN","32.17"
"105","Duffy","DEF","BHA","4.5","0.65","NaN","0.90","NaN","0.74","NaN","0.94","NaN","0.81","NaN","30.49"
"73","Kelly","DEF","BOU","4.5","2.89","NaN","0.89","NaN","2.41","NaN","1.02","NaN","3.41","NaN","93.94"
"251","Albrighton","MID","LEI","5","1.04","NaN","0.89","NaN","1.07","NaN","0.85","NaN","0.98","NaN","36.70"
"294","Elliott","MID","LIV","5","0.86","NaN","0.88","NaN","0.82","NaN","0.95","NaN","0.88","NaN","32.79"
"417","Perraud","DEF","SOU","4.5","0.53","NaN","0.88","NaN","0.69","NaN","0.72","NaN","0.68","NaN","28.36"
"270","Thomas","DEF","LEI","4.5","1.23","NaN","0.83","NaN","1.25","NaN","0.77","NaN","0.99","NaN","39.26"
"57","A Smith","DEF","BOU","4.5","2.69","NaN","0.81","NaN","2.25","NaN","0.93","NaN","3.18","NaN","87.32"
"325","K Phillips","MID","MCI","5","0.73","NaN","0.81","NaN","0.72","NaN","0.77","NaN","0.80","NaN","28.44"
"336","van de Beek","MID","MUN","5.5","0.82","NaN","0.80","NaN","0.74","NaN","0.82","NaN","0.79","NaN","30.56"
"71","Mepham","DEF","BOU","4.5","2.57","NaN","0.77","NaN","2.15","NaN","0.88","NaN","3.05","NaN","83.49"
"76","Zemura","DEF","BOU","4.5","2.01","NaN","0.76","NaN","1.71","NaN","0.85","NaN","2.31","NaN","66.39"
"445","Emerson R","DEF","TOT","5","1.20","NaN","0.76","NaN","1.23","NaN","1.10","NaN","0.92","NaN","38.30"
"141","T Chalobah","DEF","CHE","5","0.85","NaN","0.74","NaN","0.80","NaN","0.86","NaN","0.83","NaN","30.92"
"489","Toti","DEF","WOL","4","0.62","NaN","0.74","NaN","0.45","NaN","0.72","NaN","0.70","NaN","24.00"
"59","Fredericks","DEF","BOU","4.5","2.05","NaN","0.73","NaN","1.74","NaN","0.82","NaN","2.40","NaN","67.56"
"230","Koch","DEF","LEE","4.5","0.90","NaN","0.73","NaN","0.64","NaN","0.69","NaN","0.88","NaN","26.73"
"163","W Hughes","MID","CRY","5","0.82","NaN","0.73","NaN","0.85","NaN","0.71","NaN","0.88","NaN","31.41"
"6","Partey","MID","ARS","5","0.65","NaN","0.73","NaN","0.71","NaN","0.75","NaN","0.71","NaN","25.79"
"292","Tsimikas","DEF","LIV","4.5","0.64","NaN","0.73","NaN","0.53","NaN","0.78","NaN","0.69","NaN","24.43"
"173","Ebiowei","MID","CRY","4.5","0.80","NaN","0.72","NaN","0.83","NaN","0.70","NaN","0.85","NaN","30.72"
"223","Klich","MID","LEE","5","0.74","NaN","0.70","NaN","0.67","NaN","0.67","NaN","0.74","NaN","26.31"
"90","Roerslev","DEF","BRE","4.5","0.67","NaN","0.70","NaN","0.73","NaN","0.87","NaN","0.76","NaN","27.32"
"308","Ake","DEF","MCI","5","0.57","NaN","0.70","NaN","0.58","NaN","0.67","NaN","0.70","NaN","23.03"
"206","Bryan","DEF","FUL","4.5","0.47","NaN","0.69","NaN","0.76","NaN","0.52","NaN","0.73","NaN","24.24"
"158","Milivojevic","MID","CRY","4.5","0.77","NaN","0.67","NaN","0.80","NaN","0.66","NaN","0.83","NaN","29.57"
"466","Vlasic","MID","WHU","5","0.60","NaN","0.67","NaN","0.67","NaN","0.64","NaN","0.64","NaN","24.91"
"156","J Ward","DEF","CRY","4.5","1.19","NaN","0.66","NaN","1.36","NaN","0.62","NaN","1.45","NaN","45.76"
"32","Chambers","DEF","AVL","4.5","0.59","NaN","0.65","NaN","0.56","NaN","0.58","NaN","0.44","NaN","20.42"
"416","I Diallo","MID","SOU","4.5","0.58","NaN","0.65","NaN","0.60","NaN","0.62","NaN","0.60","NaN","23.26"
"418","Djenepo","MID","SOU","5","0.54","NaN","0.65","NaN","0.57","NaN","0.59","NaN","0.56","NaN","22.09"
"0","Young","DEF","AVL","3","0.58","NaN","0.62","NaN","0.56","NaN","0.58","NaN","0.49","NaN","20.77"
"214","Cavaleiro","MID","FUL","5","0.57","NaN","0.61","NaN","0.65","NaN","0.57","NaN","0.62","NaN","23.14"
"370","S Longstaff","MID","NEW","4.5","0.65","NaN","0.58","NaN","0.55","NaN","0.60","NaN","0.54","NaN","22.77"
"369","Almiron","MID","NEW","5","0.64","NaN","0.57","NaN","0.54","NaN","0.59","NaN","0.53","NaN","22.59"
"136","Loftus-Cheek","MID","CHE","5","0.56","NaN","0.54","NaN","0.58","NaN","0.59","NaN","0.57","NaN","21.27"
"218","Muniz","FWD","FUL","5.5","0.51","NaN","0.54","NaN","0.58","NaN","0.51","NaN","0.55","NaN","20.75"
"188","Mina","DEF","EVE","4.5","0.51","NaN","0.53","NaN","0.73","NaN","0.58","NaN","0.56","NaN","21.27"
"203","N Chalobah","MID","FUL","4.5","0.51","NaN","0.53","NaN","0.55","NaN","0.51","NaN","0.54","NaN","20.14"
"355","Dubravka","GK","NEW","4.5","0.60","NaN","0.52","NaN","0.42","NaN","0.54","NaN","0.41","NaN","19.60"
"143","M Sarr","DEF","CHE","5","0.57","NaN","0.49","NaN","0.53","NaN","0.57","NaN","0.55","NaN","20.64"
"155","Benteke","FWD","CRY","5.5","0.55","NaN","0.49","NaN","0.58","NaN","0.47","NaN","0.59","NaN","21.27"
"149","Gilmour","MID","CHE","4.5","0.50","NaN","0.49","NaN","0.51","NaN","0.52","NaN","0.51","NaN","19.18"
"438","Reguilon","DEF","TOT","4.5","0.72","NaN","0.45","NaN","0.73","NaN","0.66","NaN","0.56","NaN","23.02"
"87","Ghoddos","MID","BRE","5","0.42","NaN","0.43","NaN","0.42","NaN","0.45","NaN","0.41","NaN","15.97"
"400","Walcott","MID","SOU","5","0.37","NaN","0.43","NaN","0.39","NaN","0.40","NaN","0.38","NaN","14.97"
"1","Cedric","DEF","ARS","4.5","0.41","NaN","0.42","NaN","0.43","NaN","0.45","NaN","0.43","NaN","15.05"
"462","Masuaku","DEF","WHU","4.5","0.28","NaN","0.41","NaN","0.42","NaN","0.36","NaN","0.34","NaN","14.37"
"125","Enciso","FWD","BHA","5","0.35","NaN","0.38","NaN","0.36","NaN","0.44","NaN","0.38","NaN","14.10"
"257","Amartey","DEF","LEI","4.5","0.53","NaN","0.37","NaN","0.53","NaN","0.34","NaN","0.43","NaN","17.13"
"164","Riedewald","MID","CRY","4.5","0.41","NaN","0.37","NaN","0.42","NaN","0.37","NaN","0.43","NaN","15.61"
"208","Kongolo","DEF","FUL","4","0.24","NaN","0.37","NaN","0.41","NaN","0.27","NaN","0.39","NaN","12.88"
"260","Perez","MID","LEI","5","0.43","NaN","0.36","NaN","0.44","NaN","0.35","NaN","0.41","NaN","15.10"
"291","C Jones","MID","LIV","5","0.34","NaN","0.35","NaN","0.33","NaN","0.37","NaN","0.34","NaN","12.89"
"241","Bate","MID","LEE","4.5","0.35","NaN","0.34","NaN","0.33","NaN","0.33","NaN","0.35","NaN","12.73"
"441","Skipp","MID","TOT","4.5","0.36","NaN","0.33","NaN","0.36","NaN","0.35","NaN","0.35","NaN","13.34"
"504","Malacia","DEF","MUN","4.5","0.36","NaN","0.33","NaN","0.25","NaN","0.33","NaN","0.30","NaN","12.38"
"252","N Mendy","MID","LEI","4.5","0.35","NaN","0.33","NaN","0.36","NaN","0.32","NaN","0.34","NaN","12.93"
"5","Holding","DEF","ARS","4.5","0.33","NaN","0.33","NaN","0.34","NaN","0.35","NaN","0.34","NaN","11.87"
"83","Dasilva","MID","BRE","4.5","0.32","NaN","0.33","NaN","0.33","NaN","0.35","NaN","0.32","NaN","12.46"
"485","Cundle","MID","WOL","4.5","0.32","NaN","0.33","NaN","0.30","NaN","0.32","NaN","0.32","NaN","11.93"
"216","Onomah","MID","FUL","4.5","0.31","NaN","0.33","NaN","0.34","NaN","0.31","NaN","0.33","NaN","12.43"
"124","Mitoma","MID","BHA","5","0.30","NaN","0.33","NaN","0.31","NaN","0.37","NaN","0.32","NaN","12.17"
"151","Ampadu","DEF","CHE","4.5","0.35","NaN","0.31","NaN","0.34","NaN","0.36","NaN","0.35","NaN","12.96"
"41","Nakamba","MID","AVL","4.5","0.31","NaN","0.31","NaN","0.30","NaN","0.31","NaN","0.29","NaN","11.48"
"383","Cafu","MID","NFO","4.5","0.28","NaN","0.30","NaN","0.29","NaN","0.29","NaN","0.27","NaN","10.99"
"129","Alonso","DEF","CHE","5.5","0.33","NaN","0.29","NaN","0.33","NaN","0.35","NaN","0.33","NaN","12.22"
"4","Elneny","MID","ARS","4.5","0.28","NaN","0.29","NaN","0.29","NaN","0.30","NaN","0.29","NaN","10.69"
"0","Balogun","FWD","ARS","3","0.25","NaN","0.28","NaN","0.27","NaN","0.28","NaN","0.27","NaN","10.05"
"360","Lascelles","DEF","NEW","4.5","0.35","NaN","0.27","NaN","0.18","NaN","0.30","NaN","0.15","NaN","10.34"
"192","Holgate","DEF","EVE","4.5","0.26","NaN","0.27","NaN","0.36","NaN","0.29","NaN","0.29","NaN","10.88"
"21","Maitland-Niles","MID","ARS","5","0.25","NaN","0.27","NaN","0.27","NaN","0.27","NaN","0.27","NaN","9.82"
"372","Lewis","DEF","NEW","4.5","0.33","NaN","0.26","NaN","0.18","NaN","0.29","NaN","0.14","NaN","9.89"
"177","Rondon","FWD","EVE","5","0.26","NaN","0.26","NaN","0.30","NaN","0.27","NaN","0.28","NaN","10.29"
"18","Lokonga","MID","ARS","4.5","0.24","NaN","0.25","NaN","0.24","NaN","0.25","NaN","0.25","NaN","9.11"
"390","X Silva","MID","NFO","5","0.23","NaN","0.25","NaN","0.24","NaN","0.24","NaN","0.21","NaN","9.17"
"127","Azpilicueta","DEF","CHE","5","0.28","NaN","0.24","NaN","0.27","NaN","0.29","NaN","0.28","NaN","10.24"
"0","Patino","MID","ARS","3","0.23","NaN","0.24","NaN","0.24","NaN","0.24","NaN","0.24","NaN","8.86"
"17","Tavares","DEF","ARS","4.5","0.23","NaN","0.24","NaN","0.24","NaN","0.25","NaN","0.24","NaN","8.51"
"496","Plange","FWD","CRY","4.5","0.26","NaN","0.23","NaN","0.27","NaN","0.23","NaN","0.27","NaN","9.84"
"269","Soumare","MID","LEI","4.5","0.25","NaN","0.23","NaN","0.25","NaN","0.23","NaN","0.24","NaN","9.14"
"184","Gomes","MID","EVE","4.5","0.23","NaN","0.23","NaN","0.25","NaN","0.24","NaN","0.24","NaN","9.02"
"94","Baptiste","MID","BRE","4.5","0.23","NaN","0.23","NaN","0.23","NaN","0.24","NaN","0.23","NaN","8.81"
"395","Mighten","MID","NFO","5","0.22","NaN","0.23","NaN","0.23","NaN","0.22","NaN","0.21","NaN","8.60"
"63","Marcondes","MID","BOU","5","0.27","NaN","0.22","NaN","0.26","NaN","0.23","NaN","0.28","NaN","9.90"
"74","Dembele","MID","BOU","3","0.26","NaN","0.22","NaN","0.25","NaN","0.23","NaN","0.26","NaN","9.48"
"450","P Sarr","MID","TOT","4.5","0.23","NaN","0.21","NaN","0.23","NaN","0.22","NaN","0.21","NaN","8.31"
"150","Broja","FWD","CHE","5.5","0.21","NaN","0.21","NaN","0.23","NaN","0.23","NaN","0.22","NaN","8.22"
"52","K Davis","FWD","AVL","5.5","0.20","NaN","0.21","NaN","0.18","NaN","0.20","NaN","0.18","NaN","7.36"
"350","Ritchie","DEF","NEW","4.5","0.25","NaN","0.20","NaN","0.16","NaN","0.22","NaN","0.14","NaN","7.87"
"162","Butland","GK","CRY","4.5","0.23","NaN","0.19","NaN","0.25","NaN","0.18","NaN","0.27","NaN","9.02"
"0","Praet","MID","LEI","3","0.23","NaN","0.19","NaN","0.23","NaN","0.19","NaN","0.21","NaN","8.02"
"138","Kenedy","DEF","CHE","4","0.20","NaN","0.19","NaN","0.20","NaN","0.21","NaN","0.20","NaN","7.57"
"34","B Traore","MID","AVL","5","0.18","NaN","0.19","NaN","0.17","NaN","0.18","NaN","0.16","NaN","6.65"
"298","Ramsay","DEF","LIV","4","0.17","NaN","0.19","NaN","0.14","NaN","0.20","NaN","0.18","NaN","6.41"
"174","N Ferguson","DEF","CRY","4","0.24","NaN","0.18","NaN","0.27","NaN","0.17","NaN","0.28","NaN","9.37"
"363","Manquillo","DEF","NEW","4.5","0.21","NaN","0.18","NaN","0.14","NaN","0.19","NaN","0.12","NaN","6.75"
"131","Barkley","MID","CHE","5","0.18","NaN","0.18","NaN","0.19","NaN","0.19","NaN","0.19","NaN","6.89"
"51","El Ghazi","MID","AVL","5","0.18","NaN","0.18","NaN","0.17","NaN","0.18","NaN","0.16","NaN","6.57"
"286","Gomez","DEF","LIV","4.5","0.16","NaN","0.18","NaN","0.13","NaN","0.19","NaN","0.17","NaN","6.03"
"404","Stephens","DEF","SOU","4.5","0.12","NaN","0.18","NaN","0.15","NaN","0.15","NaN","0.15","NaN","5.97"
"0","Emerson P","DEF","CHE","3","0.19","NaN","0.17","NaN","0.19","NaN","0.20","NaN","0.19","NaN","7.14"
"115","Alzate","MID","BHA","4.5","0.16","NaN","0.17","NaN","0.17","NaN","0.18","NaN","0.17","NaN","6.43"
"97","Forss","FWD","BRE","4.5","0.16","NaN","0.17","NaN","0.17","NaN","0.17","NaN","0.16","NaN","6.23"
"187","Gbamin","MID","EVE","4.5","0.16","NaN","0.16","NaN","0.18","NaN","0.16","NaN","0.17","NaN","6.28"
"237","Greenwood","FWD","LEE","4.5","0.16","NaN","0.16","NaN","0.15","NaN","0.15","NaN","0.16","NaN","5.88"
"324","Ortega","GK","MCI","4","0.13","NaN","0.15","NaN","0.13","NaN","0.15","NaN","0.15","NaN","5.20"
"58","Stanislas","MID","BOU","5","0.17","NaN","0.14","NaN","0.16","NaN","0.15","NaN","0.17","NaN","6.21"
"434","Winks","MID","TOT","4.5","0.15","NaN","0.14","NaN","0.15","NaN","0.15","NaN","0.14","NaN","5.55"
"0","Hill","DEF","BOU","3","0.41","NaN","0.13","NaN","0.34","NaN","0.15","NaN","0.48","NaN","13.38"
"505","Rothwell","MID","BOU","5","0.15","NaN","0.13","NaN","0.15","NaN","0.14","NaN","0.16","NaN","5.67"
"0","Bellerin","DEF","ARS","3","0.12","NaN","0.13","NaN","0.13","NaN","0.13","NaN","0.13","NaN","4.50"
"435","D Sanchez","DEF","TOT","4.5","0.19","NaN","0.12","NaN","0.19","NaN","0.17","NaN","0.14","NaN","5.94"
"133","Kepa","GK","CHE","4.5","0.13","NaN","0.12","NaN","0.13","NaN","0.13","NaN","0.13","NaN","4.92"
"289","Kelleher","GK","LIV","4","0.10","NaN","0.11","NaN","0.09","NaN","0.12","NaN","0.11","NaN","3.94"
"384","Lolley","MID","NFO","5","0.10","NaN","0.11","NaN","0.10","NaN","0.10","NaN","0.09","NaN","3.90"
"207","Gazzaniga","GK","FUL","4","0.08","NaN","0.11","NaN","0.12","NaN","0.09","NaN","0.12","NaN","3.92"
"517","Strakosha","GK","BRE","4.5","0.10","NaN","0.10","NaN","0.11","NaN","0.12","NaN","0.11","NaN","4.08"
"278","Chamberlain","MID","LIV","5","0.10","NaN","0.10","NaN","0.09","NaN","0.11","NaN","0.10","NaN","3.67"
"364","Krafth","DEF","NEW","4.5","0.11","NaN","0.09","NaN","0.07","NaN","0.10","NaN","0.06","NaN","3.40"
"343","B Williams","DEF","MUN","4","0.10","NaN","0.09","NaN","0.07","NaN","0.10","NaN","0.09","NaN","3.57"
"36","Sanson","MID","AVL","4.5","0.09","NaN","0.09","NaN","0.09","NaN","0.09","NaN","0.08","NaN","3.36"
"54","Archer","FWD","AVL","4.5","0.09","NaN","0.09","NaN","0.08","NaN","0.09","NaN","0.08","NaN","3.26"
"24","Turner","GK","ARS","4","0.09","NaN","0.09","NaN","0.09","NaN","0.09","NaN","0.09","NaN","3.19"
"48","Chukwuemeka","MID","AVL","4.5","0.09","NaN","0.09","NaN","0.08","NaN","0.09","NaN","0.08","NaN","3.19"
"507","Niakhate","DEF","NFO","4.5","0.08","NaN","0.09","NaN","0.09","NaN","0.08","NaN","0.05","NaN","3.30"
"494","Mosquera","DEF","WOL","4","0.08","NaN","0.09","NaN","0.06","NaN","0.09","NaN","0.09","NaN","3.14"
"393","Mbe Soh","DEF","NFO","4.5","0.08","NaN","0.09","NaN","0.08","NaN","0.07","NaN","0.05","NaN","3.06"
"392","Laryea","DEF","NFO","4.5","0.08","NaN","0.09","NaN","0.08","NaN","0.07","NaN","0.05","NaN","3.04"
"501","N Phillips","DEF","LIV","4","0.08","NaN","0.09","NaN","0.06","NaN","0.09","NaN","0.09","NaN","2.98"
"38","Hause","DEF","AVL","4.5","0.08","NaN","0.09","NaN","0.08","NaN","0.08","NaN","0.06","NaN","2.82"
"525","Augustinsson","DEF","AVL","4.5","0.08","NaN","0.09","NaN","0.07","NaN","0.08","NaN","0.06","NaN","2.62"
"414","Valery","DEF","SOU","4","0.06","NaN","0.09","NaN","0.08","NaN","0.08","NaN","0.08","NaN","3.11"
"153","Tomkins","DEF","CRY","4","0.14","NaN","0.08","NaN","0.16","NaN","0.07","NaN","0.17","NaN","5.35"
"522","Spence","DEF","TOT","4.5","0.10","NaN","0.08","NaN","0.11","NaN","0.10","NaN","0.09","NaN","3.50"
"176","Begovic","GK","EVE","4","0.08","NaN","0.08","NaN","0.10","NaN","0.08","NaN","0.08","NaN","3.01"
"511","O Richards","DEF","NFO","4.5","0.08","NaN","0.08","NaN","0.08","NaN","0.07","NaN","0.05","NaN","2.94"
"35","Olsen","GK","AVL","4","0.08","NaN","0.08","NaN","0.07","NaN","0.07","NaN","0.06","NaN","2.69"
"56","Guilbert","DEF","AVL","4","0.08","NaN","0.08","NaN","0.07","NaN","0.08","NaN","0.05","NaN","2.60"
"492","Sarkic","GK","WOL","4","0.07","NaN","0.08","NaN","0.06","NaN","0.07","NaN","0.08","NaN","2.62"
"473","Areola","GK","WHU","4.5","0.06","NaN","0.08","NaN","0.08","NaN","0.07","NaN","0.06","NaN","2.70"
"77","Dennis","GK","BOU","4","0.11","NaN","0.07","NaN","0.10","NaN","0.07","NaN","0.12","NaN","3.74"
"426","Forster","GK","TOT","4","0.08","NaN","0.07","NaN","0.09","NaN","0.08","NaN","0.07","NaN","2.94"
"348","Heaton","GK","MUN","4","0.08","NaN","0.07","NaN","0.06","NaN","0.07","NaN","0.07","NaN","2.73"
"337","Lindelof","DEF","MUN","4.5","0.08","NaN","0.07","NaN","0.05","NaN","0.07","NaN","0.06","NaN","2.57"
"396","Ojeda","MID","NFO","4.5","0.07","NaN","0.07","NaN","0.07","NaN","0.07","NaN","0.07","NaN","2.72"
"378","Arter","MID","NFO","4.5","0.07","NaN","0.07","NaN","0.07","NaN","0.07","NaN","0.06","NaN","2.67"
"422","Bazunu","GK","SOU","4.5","0.05","NaN","0.07","NaN","0.06","NaN","0.06","NaN","0.06","NaN","2.48"
"254","D Ward","GK","LEI","4","0.08","NaN","0.06","NaN","0.08","NaN","0.06","NaN","0.06","NaN","2.60"
"362","Dummett","DEF","NEW","4","0.08","NaN","0.06","NaN","0.04","NaN","0.07","NaN","0.04","NaN","2.44"
"236","Klaesson","GK","LEE","4","0.07","NaN","0.06","NaN","0.06","NaN","0.06","NaN","0.07","NaN","2.36"
"196","Branthwaite","DEF","EVE","4","0.06","NaN","0.06","NaN","0.08","NaN","0.06","NaN","0.06","NaN","2.33"
"518","Hennessey","GK","NFO","4","0.06","NaN","0.06","NaN","0.06","NaN","0.05","NaN","0.04","NaN","2.32"
"65","Stacey","DEF","BOU","4.5","0.14","NaN","0.05","NaN","0.12","NaN","0.06","NaN","0.16","NaN","4.58"
"253","Vestergaard","DEF","LEI","4","0.08","NaN","0.05","NaN","0.08","NaN","0.05","NaN","0.06","NaN","2.53"
"198","Nkounkou","DEF","EVE","4","0.05","NaN","0.05","NaN","0.07","NaN","0.05","NaN","0.05","NaN","1.94"
"22","Torreira","MID","ARS","4.5","0.05","NaN","0.05","NaN","0.05","NaN","0.06","NaN","0.05","NaN","1.92"
"27","Marquinhos","MID","ARS","5","0.05","NaN","0.05","NaN","0.05","NaN","0.05","NaN","0.05","NaN","1.86"
"23","Nelson","MID","ARS","5","0.05","NaN","0.05","NaN","0.05","NaN","0.05","NaN","0.05","NaN","1.82"
"0","Batshuayi","FWD","CHE","3","0.05","NaN","0.05","NaN","0.05","NaN","0.05","NaN","0.05","NaN","1.81"
"91","Sorensen","DEF","BRE","4.5","0.04","NaN","0.05","NaN","0.05","NaN","0.06","NaN","0.05","NaN","1.77"
"0","Kouyate","DEF","CRY","3","0.06","NaN","0.04","NaN","0.07","NaN","0.04","NaN","0.08","NaN","2.51"
"0","Lo Celso","MID","TOT","3","0.06","NaN","0.04","NaN","0.06","NaN","0.05","NaN","0.05","NaN","1.98"
"0","Bryan Gil","MID","TOT","3","0.05","NaN","0.04","NaN","0.05","NaN","0.05","NaN","0.05","NaN","1.79"
"0","Ndombele","MID","TOT","3","0.05","NaN","0.04","NaN","0.05","NaN","0.05","NaN","0.04","NaN","1.70"
"240","Summerville","MID","LEE","4.5","0.04","NaN","0.04","NaN","0.04","NaN","0.04","NaN","0.05","NaN","1.61"
"0","Poveda","MID","LEE","3","0.04","NaN","0.04","NaN","0.04","NaN","0.04","NaN","0.04","NaN","1.61"
"99","Bidstrup","MID","BRE","4.5","0.04","NaN","0.04","NaN","0.04","NaN","0.04","NaN","0.04","NaN","1.58"
"0","A Gray","MID","LEE","3","0.04","NaN","0.04","NaN","0.04","NaN","0.04","NaN","0.04","NaN","1.58"
"119","Sarmiento","MID","BHA","4.5","0.04","NaN","0.04","NaN","0.04","NaN","0.05","NaN","0.04","NaN","1.58"
"202","Knockaert","MID","FUL","5","0.04","NaN","0.04","NaN","0.04","NaN","0.04","NaN","0.04","NaN","1.57"
"121","T Richards","MID","BHA","4.5","0.04","NaN","0.04","NaN","0.04","NaN","0.04","NaN","0.04","NaN","1.56"
"126","Kozlowski","MID","BHA","4.5","0.04","NaN","0.04","NaN","0.04","NaN","0.04","NaN","0.04","NaN","1.56"
"172","Rak-Sakyi","MID","CRY","4.5","0.04","NaN","0.04","NaN","0.04","NaN","0.04","NaN","0.04","NaN","1.56"
"0","Fosu","MID","BRE","3","0.04","NaN","0.04","NaN","0.04","NaN","0.04","NaN","0.04","NaN","1.52"
"263","Choudhury","MID","LEI","4.5","0.04","NaN","0.04","NaN","0.04","NaN","0.04","NaN","0.04","NaN","1.52"
"247","Gyabi","MID","LEE","4.5","0.04","NaN","0.04","NaN","0.04","NaN","0.04","NaN","0.04","NaN","1.48"
"2","Leno","GK","ARS","4.5","0.04","NaN","0.04","NaN","0.04","NaN","0.04","NaN","0.04","NaN","1.47"
"0","Vale","MID","CHE","3","0.04","NaN","0.04","NaN","0.04","NaN","0.04","NaN","0.04","NaN","1.47"
"0","Morton","MID","LIV","3","0.04","NaN","0.04","NaN","0.04","NaN","0.04","NaN","0.04","NaN","1.45"
"20","Mari","DEF","ARS","4.5","0.04","NaN","0.04","NaN","0.04","NaN","0.04","NaN","0.04","NaN","1.40"
"521","Francois","MID","FUL","4.5","0.04","NaN","0.04","NaN","0.04","NaN","0.04","NaN","0.04","NaN","1.39"
"0","Scherpen","GK","BHA","3","0.03","NaN","0.04","NaN","0.03","NaN","0.04","NaN","0.04","NaN","1.40"
"102","Steele","GK","BHA","4","0.03","NaN","0.04","NaN","0.03","NaN","0.04","NaN","0.04","NaN","1.38"
"250","Bertrand","DEF","LEI","4","0.04","NaN","0.03","NaN","0.04","NaN","0.03","NaN","0.03","NaN","1.31"
"0","Karbownik","DEF","BHA","3","0.02","NaN","0.02","NaN","0.02","NaN","0.02","NaN","0.02","NaN","0.76"
"55","Philogene-Bidace","MID","AVL","4.5","0.02","NaN","0.02","NaN","0.02","NaN","0.02","NaN","0.02","NaN","0.75"
"68","Pearson","MID","BOU","4.5","0.02","NaN","0.02","NaN","0.02","NaN","0.02","NaN","0.02","NaN","0.66"
"49","Iroegbunam","MID","AVL","4.5","0.02","NaN","0.02","NaN","0.02","NaN","0.02","NaN","0.02","NaN","0.63"
"502","Carson","GK","MCI","4","0.01","NaN","0.01","NaN","0.01","NaN","0.01","NaN","0.01","NaN","0.32"
"497","Adrian","GK","LIV","4","0.01","NaN","0.01","NaN","0.01","NaN","0.01","NaN","0.01","NaN","0.30"
"0","Bettinelli","GK","CHE","3","0.01","NaN","0.01","NaN","0.01","NaN","0.01","NaN","0.01","NaN","0.30"
"0","Runarsson","GK","ARS","3","0.01","NaN","0.01","NaN","0.01","NaN","0.01","NaN","0.01","NaN","0.29"
"451","Austin","GK","TOT","4","0.01","NaN","0.01","NaN","0.01","NaN","0.01","NaN","0.01","NaN","0.28"
"0","Steer","GK","AVL","3","0.01","NaN","0.01","NaN","0.01","NaN","0.01","NaN","0.01","NaN","0.26"
"0","Sinisalo","GK","AVL","3","0.01","NaN","0.01","NaN","0.01","NaN","0.01","NaN","0.01","NaN","0.26"
"0","Randolph","GK","WHU","3","0.01","NaN","0.01","NaN","0.01","NaN","0.01","NaN","0.01","NaN","0.26"
"0","Marschall","GK","AVL","3","0.01","NaN","0.01","NaN","0.01","NaN","0.01","NaN","0.01","NaN","0.25"
"100","Balcombe","GK","BRE","4","0.01","NaN","0.01","NaN","0.01","NaN","0.01","NaN","0.01","NaN","0.25"
"442","Rodon","DEF","TOT","4","0.01","NaN","0.01","NaN","0.01","NaN","0.01","NaN","0.01","NaN","0.25"
"351","Fernandez","DEF","NEW","4.5","0.01","NaN","0.01","NaN","0.00","NaN","0.01","NaN","0.00","NaN","0.24"
"339","Bailly","DEF","MUN","4","0.01","NaN","0.01","NaN","0.00","NaN","0.01","NaN","0.01","NaN","0.24"
"0","J Smith","GK","NFO","3","0.01","NaN","0.01","NaN","0.01","NaN","0.01","NaN","0.00","NaN","0.23"
"0","Tuanzebe","DEF","MUN","3","0.01","NaN","0.01","NaN","0.00","NaN","0.01","NaN","0.01","NaN","0.22"
"328","P Jones","DEF","MUN","4","0.01","NaN","0.01","NaN","0.00","NaN","0.01","NaN","0.01","NaN","0.21"
"456","Ogbonna","DEF","WHU","4.5","0.00","NaN","0.01","NaN","0.01","NaN","0.01","NaN","0.01","NaN","0.25"
"470","Diop","DEF","WHU","4.5","0.00","NaN","0.01","NaN","0.01","NaN","0.01","NaN","0.01","NaN","0.24"
"0","Small","DEF","SOU","3","0.00","NaN","0.01","NaN","0.01","NaN","0.01","NaN","0.01","NaN","0.21"
"316","Palmer","MID","MCI","4.5","0.00","NaN","0.01","NaN","0.00","NaN","0.00","NaN","0.00","NaN","0.17"
"439","Tanganga","DEF","TOT","4","0.01","NaN","0.00","NaN","0.01","NaN","0.01","NaN","0.01","NaN","0.24"
"322","Wilson-Esbrand","DEF","MCI","4","0.00","NaN","0.00","NaN","0.00","NaN","0.00","NaN","0.00","NaN","0.17"
"0","Kostic","DEF","WHU","3","0.00","NaN","0.00","NaN","0.00","NaN","0.00","NaN","0.00","NaN","0.17"
"320","Mbete","DEF","MCI","4","0.00","NaN","0.00","NaN","0.00","NaN","0.00","NaN","0.00","NaN","0.16"
"0","Young-Coombes","FWD","BRE","3","0.00","NaN","0.00","NaN","0.00","NaN","0.00","NaN","0.00","NaN","0.16"
"0","Dobbin","FWD","EVE","3","0.00","NaN","0.00","NaN","0.00","NaN","0.00","NaN","0.00","NaN","0.16"
"0","A Diallo","FWD","MUN","3","0.00","NaN","0.00","NaN","0.00","NaN","0.00","NaN","0.00","NaN","0.16"
"500","van den Berg","DEF","LIV","4","0.00","NaN","0.00","NaN","0.00","NaN","0.00","NaN","0.00","NaN","0.15"
"0","S Hughes","DEF","LEI","3","0.00","NaN","0.00","NaN","0.00","NaN","0.00","NaN","0.00","NaN","0.15"
"0","Jordao","MID","WOL","3","0.00","NaN","0.00","NaN","0.00","NaN","0.00","NaN","0.00","NaN","0.15"
"0","Oulad","MID","ARS","3","0.00","NaN","0.00","NaN","0.00","NaN","0.00","NaN","0.00","NaN","0.15"
"0","Maghoma","MID","BRE","3","0.00","NaN","0.00","NaN","0.00","NaN","0.00","NaN","0.00","NaN","0.15"
"0","Anderson","MID","NEW","3","0.00","NaN","0.00","NaN","0.00","NaN","0.00","NaN","0.00","NaN","0.15"
"0","O'Reilly","MID","AVL","3","0.00","NaN","0.00","NaN","0.00","NaN","0.00","NaN","0.00","NaN","0.15"
"0","Peart-Harris","MID","BRE","3","0.00","NaN","0.00","NaN","0.00","NaN","0.00","NaN","0.00","NaN","0.15"
"0","Campbell","MID","WOL","3","0.00","NaN","0.00","NaN","0.00","NaN","0.00","NaN","0.00","NaN","0.15"
"0","Chong","MID","MUN","3","0.00","NaN","0.00","NaN","0.00","NaN","0.00","NaN","0.00","NaN","0.15"
"0","M Longstaff","MID","NEW","3","0.00","NaN","0.00","NaN","0.00","NaN","0.00","NaN","0.00","NaN","0.15"
"0","Garnacho","MID","MUN","3","0.00","NaN","0.00","NaN","0.00","NaN","0.00","NaN","0.00","NaN","0.15"
"0","Cutrone","FWD","WOL","3","0.00","NaN","0.00","NaN","0.00","NaN","0.00","NaN","0.00","NaN","0.15"
"0","Mara","FWD","SOU","3","0.00","NaN","0.00","NaN","0.00","NaN","0.00","NaN","0.00","NaN","0.15"
"0","Zeqiri","FWD","BHA","3","0.00","NaN","0.00","NaN","0.00","NaN","0.00","NaN","0.00","NaN","0.15"
"0","Dervisoglu","FWD","BRE","3","0.00","NaN","0.00","NaN","0.00","NaN","0.00","NaN","0.00","NaN","0.15"
"0","Andone","FWD","BHA","3","0.00","NaN","0.00","NaN","0.00","NaN","0.00","NaN","0.00","NaN","0.15"
"0","Hayden","DEF","AVL","3","0.00","NaN","0.00","NaN","0.00","NaN","0.00","NaN","0.00","NaN","0.14"
"0","Feeney","DEF","AVL","3","0.00","NaN","0.00","NaN","0.00","NaN","0.00","NaN","0.00","NaN","0.14"
"0","Stevens","DEF","BRE","3","0.00","NaN","0.00","NaN","0.00","NaN","0.00","NaN","0.00","NaN","0.14"
"0","van Hecke","DEF","BHA","3","0.00","NaN","0.00","NaN","0.00","NaN","0.00","NaN","0.00","NaN","0.14"
"0","Bueno","DEF","WOL","3","0.00","NaN","0.00","NaN","0.00","NaN","0.00","NaN","0.00","NaN","0.14"
"0","Offiah","DEF","BHA","3","0.00","NaN","0.00","NaN","0.00","NaN","0.00","NaN","0.00","NaN","0.14"
"386","Drager","DEF","NFO","4","0.00","NaN","0.00","NaN","0.00","NaN","0.00","NaN","0.00","NaN","0.14"
"0","Ashby","DEF","WHU","3","0.00","NaN","0.00","NaN","0.00","NaN","0.00","NaN","0.00","NaN","0.14"
"0","Ekwah","DEF","WHU","3","0.00","NaN","0.00","NaN","0.00","NaN","0.00","NaN","0.00","NaN","0.14"
"0","Adaramola","DEF","CRY","3","0.00","NaN","0.00","NaN","0.00","NaN","0.00","NaN","0.00","NaN","0.14"
"452","Devine","MID","TOT","4.5","0.00","NaN","0.00","NaN","0.00","NaN","0.00","NaN","0.00","NaN","0.14"
"449","H White","MID","TOT","4.5","0.00","NaN","0.00","NaN","0.00","NaN","0.00","NaN","0.00","NaN","0.14"
"347","Pellistri","MID","MUN","4.5","0.00","NaN","0.00","NaN","0.00","NaN","0.00","NaN","0.00","NaN","0.14"
"0","Oko-Flex","MID","WHU","3","0.00","NaN","0.00","NaN","0.00","NaN","0.00","NaN","0.00","NaN","0.14"
"0","Mejbri","MID","MUN","3","0.00","NaN","0.00","NaN","0.00","NaN","0.00","NaN","0.00","NaN","0.14"
"0","Da Costa","FWD","NFO","3","0.00","NaN","0.00","NaN","0.00","NaN","0.00","NaN","0.00","NaN","0.14"
"0","Simms","FWD","EVE","3","0.00","NaN","0.00","NaN","0.00","NaN","0.00","NaN","0.00","NaN","0.14"
"0","Valencia","FWD","BRE","3","0.00","NaN","0.00","NaN","0.00","NaN","0.00","NaN","0.00","NaN","0.14"
"219","Stansfield","FWD","FUL","4.5","0.00","NaN","0.00","NaN","0.00","NaN","0.00","NaN","0.00","NaN","0.14"
"0","E Ferguson","FWD","BHA","3","0.00","NaN","0.00","NaN","0.00","NaN","0.00","NaN","0.00","NaN","0.14"
"453","Parrott","FWD","TOT","4.5","0.00","NaN","0.00","NaN","0.00","NaN","0.00","NaN","0.00","NaN","0.14"
"96","Goode","DEF","BRE","4","0.00","NaN","0.00","NaN","0.00","NaN","0.00","NaN","0.00","NaN","0.13"
"98","Thompson","DEF","BRE","4","0.00","NaN","0.00","NaN","0.00","NaN","0.00","NaN","0.00","NaN","0.13"
"273","Brunt","DEF","LEI","4","0.00","NaN","0.00","NaN","0.00","NaN","0.00","NaN","0.00","NaN","0.13"
"0","Bogarde","DEF","AVL","3","0.00","NaN","0.00","NaN","0.00","NaN","0.00","NaN","0.00","NaN","0.13"
"0","Drameh","DEF","LEE","3","0.00","NaN","0.00","NaN","0.00","NaN","0.00","NaN","0.00","NaN","0.13"
"0","Welch","DEF","EVE","3","0.00","NaN","0.00","NaN","0.00","NaN","0.00","NaN","0.00","NaN","0.13"
"0","Chrisene","MID","AVL","3","0.00","NaN","0.00","NaN","0.00","NaN","0.00","NaN","0.00","NaN","0.13"
"0","Chesters","MID","WHU","3","0.00","NaN","0.00","NaN","0.00","NaN","0.00","NaN","0.00","NaN","0.13"
"509","Downes","MID","WHU","4.5","0.00","NaN","0.00","NaN","0.00","NaN","0.00","NaN","0.00","NaN","0.13"
"0","Onyango","MID","EVE","3","0.00","NaN","0.00","NaN","0.00","NaN","0.00","NaN","0.00","NaN","0.13"
"321","Lavia","MID","SOU","4.5","0.00","NaN","0.00","NaN","0.00","NaN","0.00","NaN","0.00","NaN","0.13"
"0","Coventry","MID","WHU","3","0.00","NaN","0.00","NaN","0.00","NaN","0.00","NaN","0.00","NaN","0.13"
"0","Price","MID","EVE","3","0.00","NaN","0.00","NaN","0.00","NaN","0.00","NaN","0.00","NaN","0.13"
"447","Scarlett","FWD","TOT","4.5","0.00","NaN","0.00","NaN","0.00","NaN","0.00","NaN","0.00","NaN","0.13"
"243","Hjelde","DEF","LEE","4","0.00","NaN","0.00","NaN","0.00","NaN","0.00","NaN","0.00","NaN","0.12"
"0","Kris Moore","DEF","LEE","3","0.00","NaN","0.00","NaN","0.00","NaN","0.00","NaN","0.00","NaN","0.12"
"0","L Davis","DEF","LEE","3","0.00","NaN","0.00","NaN","0.00","NaN","0.00","NaN","0.00","NaN","0.10"
"317","McAtee","MID","MCI","4.5","0.00","NaN","0.00","NaN","0.00","NaN","0.00","NaN","0.00","NaN","0.08"
"323","Delap","FWD","MCI","4.5","0.00","NaN","0.00","NaN","0.00","NaN","0.00","NaN","0.00","NaN","0.08"
"0","Kayky","FWD","MCI","3","0.00","NaN","0.00","NaN","0.00","NaN","0.00","NaN","0.00","NaN","0.07"
"353","Darlow","GK","NEW","4","0.00","NaN","0.00","NaN","0.00","NaN","0.00","NaN","0.00","NaN","0.03"
"0","Gillespie","GK","NEW","3","0.00","NaN","0.00","NaN","0.00","NaN","0.00","NaN","0.00","NaN","0.03"
"495","Matthews","GK","CRY","4","0.00","NaN","0.00","NaN","0.00","NaN","0.00","NaN","0.00","NaN","0.03"
"421","Lis","GK","SOU","4","0.00","NaN","0.00","NaN","0.00","NaN","0.00","NaN","0.00","NaN","0.03"
"0","Cox","GK","BRE","3","0.00","NaN","0.00","NaN","0.00","NaN","0.00","NaN","0.00","NaN","0.02"
"424","Caballero","GK","SOU","4","0.00","NaN","0.00","NaN","0.00","NaN","0.00","NaN","0.00","NaN","0.02"
"482","Semedo","DEF","WOL","5","0.00","NaN","0.00","NaN","0.00","NaN","0.00","NaN","0.00","NaN","0.00"