Pos,ID,Name,BV,SV,Team,1_xMins,1_Pts,2_xMins,2_Pts,3_xMins,3_Pts,4_xMins,4_Pts,5_xMins,5_Pts
D,1,Cédric,4.5,4.5,Arsenal,10,0.34,9,0.32,11,0.42,11,0.49,11,0.43
G,2,Leno,4.5,4.5,Arsenal,4,0.14,5,0.22,5,0.22,7,0.32,8,0.33
M,3,Xhaka,5.0,5.0,Arsenal,70,2.33,66,2.36,63,2.26,61,2.39,61,2.24
M,4,Elneny,4.5,4.5,Arsenal,29,1.01,28,1.03,26,0.96,28,1.11,29,1.08
D,5,Holding,4.5,4.5,Arsenal,10,0.35,11,0.45,13,0.54,14,0.64,17,0.76
M,6,Partey,5.0,5.0,Arsenal,56,1.89,52,1.86,51,1.83,52,2.07,49,1.79
M,7,Ødegaard,6.5,6.5,Arsenal,76,3.39,75,3.69,73,3.54,72,3.96,72,3.65
D,8,Tierney,5.0,5.0,Arsenal,42,1.64,57,2.53,73,3.41,69,3.66,70,3.27
M,9,Pépé,5.5,5.5,Arsenal,7,0.49,10,0.74,12,0.86,15,1.16,14,1.01
D,10,White,4.5,4.5,Arsenal,69,2.35,65,2.53,68,2.74,65,3.01,64,2.59
F,11,Nketiah,7.0,7.0,Arsenal,19,1.16,25,1.61,26,1.67,30,2.10,30,1.90
M,12,Smith Rowe,6.0,6.0,Arsenal,30,1.80,33,2.10,33,2.08,32,2.28,32,2.08
M,13,Saka,8.0,8.0,Arsenal,78,4.20,75,4.58,74,4.54,72,5.05,71,4.46
D,14,Tomiyasu,4.5,4.5,Arsenal,76,2.92,75,3.27,72,3.28,71,3.68,71,3.22
G,15,Ramsdale,5.0,5.0,Arsenal,87,3.49,85,3.58,85,3.66,83,3.81,83,3.55
D,16,Gabriel,5.0,5.0,Arsenal,80,3.21,76,3.54,76,3.61,74,4.07,72,3.47
D,17,Tavares,4.5,4.5,Arsenal,7,0.28,6,0.28,4,0.20,4,0.22,4,0.20
M,18,Sambi,4.5,4.5,Arsenal,6,0.25,6,0.26,5,0.25,6,0.28,7,0.33
M,19,Martinelli,6.0,6.0,Arsenal,65,3.58,62,3.81,62,3.77,61,4.26,61,3.82
D,20,Pablo Marí,4.5,4.5,Arsenal,0,0.00,0,0.01,0,0.01,1,0.03,1,0.02
M,21,Maitland-Niles,5.0,5.0,Arsenal,3,0.20,3,0.23,4,0.30,4,0.31,4,0.28
M,22,Torreira,4.5,4.5,Arsenal,0,0.02,1,0.04,1,0.03,1,0.04,1,0.06
M,23,Nelson,5.0,5.0,Arsenal,0,0.01,1,0.05,1,0.04,1,0.07,1,0.06
G,24,Turner,4.0,4.0,Arsenal,0,0.00,0,0.00,0,0.00,0,0.00,0,0.00
M,25,Fábio Vieira,6.0,6.0,Arsenal,9,0.53,11,0.67,12,0.71,14,0.94,14,0.85
D,26,Saliba,4.5,4.5,Arsenal,25,0.94,33,1.40,26,1.16,31,1.54,31,1.38
M,27,Marquinhos,5.0,5.0,Arsenal,0,0.00,0,0.00,0,0.01,0,0.02,0,0.02
F,28,Jesus,8.0,8.0,Arsenal,82,4.39,79,4.74,76,4.49,75,5.07,74,4.46
M,29,Coutinho,7.0,7.0,Aston Villa,69,3.69,68,3.95,67,3.24,64,3.48,65,2.81
F,30,Ings,7.0,7.0,Aston Villa,46,2.79,42,2.76,45,2.52,48,2.89,43,2.16
G,31,Martínez,5.0,5.0,Aston Villa,89,3.61,87,3.66,87,3.30,87,3.49,86,3.06
D,32,Chambers,4.5,4.5,Aston Villa,14,0.56,17,0.71,17,0.56,17,0.66,18,0.47
D,33,Digne,5.0,5.0,Aston Villa,82,3.61,77,3.72,75,2.69,73,3.16,72,2.02
M,34,Traoré,5.0,5.0,Aston Villa,11,0.76,12,0.86,11,0.66,12,0.76,12,0.66
G,35,Olsen,4.0,4.0,Aston Villa,1,0.02,2,0.08,2,0.09,2,0.09,3,0.10
M,36,Sanson,4.5,4.5,Aston Villa,6,0.35,8,0.42,9,0.42,10,0.49,11,0.51
M,37,McGinn,5.5,5.5,Aston Villa,80,2.60,76,2.60,74,2.27,72,2.36,70,2.02
D,38,Hause,4.5,4.5,Aston Villa,3,0.14,6,0.27,7,0.25,6,0.24,5,0.16
D,39,Mings,4.5,4.5,Aston Villa,83,3.12,83,3.37,80,2.44,76,2.76,74,1.77
F,40,Watkins,7.5,7.5,Aston Villa,80,3.89,79,4.10,78,3.46,78,3.84,77,3.04
M,41,Nakamba,4.5,4.5,Aston Villa,4,0.20,6,0.32,8,0.37,8,0.36,9,0.39
M,42,Buendía,6.0,6.0,Aston Villa,44,2.48,45,2.72,43,2.23,43,2.44,44,2.04
D,43,Cash,5.0,5.0,Aston Villa,83,3.29,81,3.47,79,2.53,76,2.96,75,1.90
D,44,Konsa,4.5,4.5,Aston Villa,0,0.00,0,0.02,5,0.15,16,0.61,20,0.56
M,45,Bailey,5.0,5.0,Aston Villa,54,2.73,53,2.88,52,2.42,51,2.63,52,2.20
M,46,Douglas Luiz,5.0,5.0,Aston Villa,22,0.82,27,1.03,29,1.02,30,1.13,31,1.03
M,47,Ramsey,5.5,5.5,Aston Villa,66,2.57,64,2.61,63,2.29,62,2.42,61,2.05
M,48,Chukwuemeka,4.5,4.5,Aston Villa,2,0.17,4,0.27,4,0.27,6,0.38,5,0.34
M,49,Iroegbunam,4.5,4.5,Aston Villa,1,0.04,1,0.06,2,0.08,2,0.09,3,0.11
D,50,Diego Carlos,5.0,5.0,Aston Villa,81,3.14,79,3.33,77,2.45,73,2.79,71,1.80
M,51,El Ghazi,5.0,5.0,Aston Villa,0,0.00,0,0.00,0,0.00,0,0.01,0,0.03
F,52,Davis,5.5,5.5,Aston Villa,3,0.25,2,0.20,4,0.30,4,0.30,4,0.30
M,53,Kamara,5.0,5.0,Aston Villa,77,2.39,73,2.33,72,2.10,73,2.26,70,1.94
F,54,Archer,4.5,4.5,Aston Villa,3,0.16,4,0.24,5,0.24,5,0.30,4,0.20
M,55,Philogene-Bidace,4.5,4.5,Aston Villa,0,0.03,0,0.01,0,0.02,1,0.04,0,0.03
D,56,Guilbert,4.0,4.0,Aston Villa,4,0.16,5,0.21,6,0.21,7,0.28,8,0.24
D,57,Smith,4.5,4.5,Bournemouth,55,1.83,56,0.60,54,1.44,54,0.60,55,1.91
M,58,Stanislas,5.0,5.0,Bournemouth,3,0.25,5,0.30,5,0.37,6,0.38,9,0.64
D,59,Fredericks,4.5,4.5,Bournemouth,66,2.22,63,0.71,58,1.61,61,0.72,59,2.10
M,60,Brooks,5.5,5.5,Bournemouth,2,0.17,3,0.22,5,0.32,6,0.32,7,0.42
M,61,Lowe,5.5,5.5,Bournemouth,15,0.86,19,0.83,22,1.13,21,0.92,21,1.20
F,62,Moore,5.5,5.5,Bournemouth,7,0.40,10,0.43,11,0.54,11,0.44,15,0.72
M,63,Marcondes,5.0,5.0,Bournemouth,11,0.64,15,0.65,18,0.89,18,0.78,20,1.05
M,64,Lerma,5.0,5.0,Bournemouth,81,2.43,76,1.87,74,2.13,72,1.80,71,2.20
D,65,Stacey,4.5,4.5,Bournemouth,6,0.22,8,0.13,9,0.27,10,0.15,11,0.37
F,66,Solanke,6.0,6.0,Bournemouth,80,4.14,77,2.64,76,3.51,75,2.62,73,3.84
M,67,Cook,5.0,5.0,Bournemouth,79,2.32,74,1.82,72,2.04,70,1.76,70,2.14
M,68,Pearson,4.5,4.5,Bournemouth,16,0.61,21,0.70,22,0.80,27,0.85,24,0.90
M,69,Christie,5.5,5.5,Bournemouth,69,2.80,66,2.00,64,2.42,65,2.01,63,2.65
M,70,Billing,5.5,5.5,Bournemouth,72,3.35,67,2.18,66,2.76,63,2.10,65,3.04
D,71,Mepham,4.5,4.5,Bournemouth,81,2.54,76,0.73,74,1.90,75,0.74,73,2.45
G,72,Travers,4.5,4.5,Bournemouth,89,3.37,87,3.04,86,3.09,86,3.00,85,3.32
D,73,Kelly,4.5,4.5,Bournemouth,85,2.55,84,0.69,81,1.93,79,0.69,79,2.48
M,74,Dembélé,5.0,5.0,Bournemouth,18,0.92,22,0.85,21,0.98,21,0.84,23,1.16
M,75,Anthony,5.5,5.5,Bournemouth,66,3.11,63,2.13,61,2.65,62,2.12,59,2.90
D,76,Zemura,4.5,4.5,Bournemouth,51,1.65,53,0.53,57,1.49,54,0.56,54,1.82
G,77,Dennis,4.0,4.0,Bournemouth,1,0.03,2,0.09,3,0.10,3,0.12,4,0.14
D,78,Jansson,4.5,4.5,Brentford,86,2.29,81,2.53,78,2.72,76,2.98,73,2.13
M,79,Nørgaard,5.5,5.5,Brentford,82,2.54,79,2.58,77,2.63,74,2.65,74,2.35
F,80,Toney,7.0,7.0,Brentford,83,3.80,80,3.96,78,4.07,76,4.28,75,3.57
G,81,Raya,4.5,4.5,Brentford,89,3.28,88,3.36,87,3.53,88,3.71,87,3.30
D,82,Canós,5.0,5.0,Brentford,0,0.00,33,1.76,36,2.13,34,2.25,35,1.79
M,83,Dasilva,4.5,4.5,Brentford,33,1.39,35,1.46,36,1.58,37,1.66,38,1.54
D,84,Ajer,4.5,4.5,Brentford,6,0.20,23,0.81,41,1.52,55,2.30,56,1.76
D,85,Henry,4.5,4.5,Brentford,76,2.27,73,2.53,71,2.73,65,2.79,66,2.13
M,86,Janelt,5.5,5.5,Brentford,72,2.45,72,2.55,69,2.56,68,2.66,66,2.29
M,87,Ghoddos,5.0,5.0,Brentford,15,0.82,11,0.58,14,0.78,14,0.82,16,0.81
M,88,Jensen,5.0,5.0,Brentford,65,2.41,60,2.37,60,2.46,58,2.52,60,2.28
M,89,Wissa,5.5,5.5,Brentford,64,2.88,57,2.81,57,3.01,58,3.27,55,2.65
D,90,Roerslev,4.5,4.5,Brentford,46,1.38,36,1.27,26,0.99,25,1.07,24,0.80
D,91,Bech,4.5,4.5,Brentford,28,0.85,28,0.95,29,1.08,28,1.16,30,0.95
D,92,Pinnock,4.5,4.5,Brentford,81,2.20,78,2.45,78,2.75,77,3.05,74,2.19
M,93,Onyeka,5.0,5.0,Brentford,16,0.70,20,0.86,20,0.90,23,1.01,23,0.96
M,94,Baptiste,4.5,4.5,Brentford,9,0.44,9,0.46,10,0.49,12,0.59,10,0.48
F,95,Mbeumo,6.0,6.0,Brentford,77,2.98,75,3.07,72,3.12,71,3.31,71,2.85
D,96,Goode,4.0,4.0,Brentford,2,0.07,2,0.08,2,0.08,2,0.10,2,0.08
F,97,Forss,4.5,4.5,Brentford,2,0.16,2,0.13,4,0.28,4,0.32,6,0.36
D,98,Thompson,4.0,4.0,Brentford,1,0.02,1,0.02,1,0.03,1,0.03,1,0.02
M,99,Bidstrup,4.5,4.5,Brentford,0,0.00,0,0.00,0,0.00,0,0.00,0,0.00
G,100,Balcombe,4.0,4.0,Brentford,0,0.02,2,0.07,1,0.04,1,0.03,1,0.05
M,101,Lallana,5.0,5.0,Brighton,19,0.81,20,0.94,24,1.01,25,1.15,26,1.14
G,102,Steele,4.0,4.0,Brighton,1,0.02,2,0.07,2,0.07,3,0.11,4,0.18
F,103,Welbeck,6.5,6.5,Brighton,55,2.41,55,2.89,53,2.44,51,2.88,52,2.70
M,104,Gross,5.5,5.5,Brighton,55,2.16,57,2.69,56,2.29,57,2.83,56,2.61
D,105,Duffy,4.5,4.5,Brighton,17,0.46,23,0.92,27,0.82,29,1.19,29,1.11
D,106,Dunk,4.5,4.5,Brighton,85,2.32,82,3.31,82,2.52,81,3.49,81,3.15
M,107,March,5.0,5.0,Brighton,56,1.80,55,1.98,54,1.79,54,2.00,54,1.94
D,108,Webster,4.5,4.5,Brighton,79,2.24,75,3.12,71,2.25,70,3.10,70,2.81
D,109,Veltman,4.5,4.5,Brighton,68,1.82,67,2.58,68,2.01,64,2.60,65,2.41
F,110,Maupay,6.5,6.5,Brighton,32,1.44,32,1.76,34,1.61,36,2.05,34,1.82
M,111,Trossard,6.5,6.5,Brighton,71,2.61,68,3.01,67,2.59,67,3.18,69,2.95
D,112,Cucurella,5.0,5.0,Man City,40,1.87,42,2.51,40,1.93,43,2.33,42,2.55
G,113,Sánchez,4.5,4.5,Brighton,90,3.25,88,3.67,88,3.29,87,3.67,85,3.51
D,114,Lamptey,4.5,4.5,Brighton,62,1.99,60,2.73,61,2.13,59,2.79,57,2.51
M,115,Alzate,4.5,4.5,Brighton,6,0.33,7,0.39,8,0.42,10,0.51,9,0.47
M,116,Mac Allister,5.5,5.5,Brighton,75,2.75,73,3.33,71,2.78,68,3.30,68,2.99
M,117,Moder,4.5,4.5,Brighton,0,0.00,0,0.00,0,0.00,0,0.00,0,0.00
M,118,Mwepu,5.5,5.5,Brighton,58,2.32,57,2.67,59,2.46,59,2.85,58,2.65
M,119,Sarmiento,4.5,4.5,Brighton,0,0.00,0,0.00,0,0.00,0,0.00,0,0.00
M,120,Caicedo,5.0,5.0,Brighton,73,2.31,73,2.61,70,2.30,69,2.56,66,2.39
M,121,Richards,4.5,4.5,Brighton,0,0.00,0,0.02,0,0.03,1,0.06,1,0.04
D,122,Roberts,4.0,4.0,Brighton,0,0.00,0,0.00,0,0.00,0,0.00,0,0.00
F,123,Undav,5.5,5.5,Brighton,67,2.80,64,3.28,63,2.84,62,3.44,63,3.21
M,124,Mitoma,5.0,5.0,Brighton,0,0.00,0,0.00,0,0.00,0,0.00,0,0.00
F,125,Enciso,5.0,5.0,Brighton,14,0.75,17,1.02,20,1.06,21,1.25,21,1.18
M,126,Kozłowski,4.5,4.5,Brighton,0,0.02,1,0.04,1,0.05,1,0.07,1,0.07
D,127,Azpilicueta,5.0,5.0,Chelsea,37,1.71,41,1.73,43,1.90,42,2.03,42,1.94
D,128,Thiago Silva,5.5,5.5,Chelsea,83,3.47,80,3.08,77,3.18,78,3.49,74,3.20
D,129,Alonso,5.5,5.5,Chelsea,5,0.23,9,0.41,10,0.50,11,0.58,10,0.54
M,130,Jorginho,6.0,6.0,Chelsea,41,1.85,43,1.84,44,1.96,44,2.06,44,1.99
M,131,Barkley,5.0,5.0,Chelsea,1,0.05,2,0.11,2,0.14,3,0.18,2,0.13
M,132,Kovacic,5.0,5.0,Chelsea,60,2.29,58,2.16,55,2.12,54,2.15,54,2.10
G,133,Arrizabalaga,4.5,4.5,Chelsea,1,0.04,2,0.07,3,0.12,4,0.17,5,0.21
M,134,Kanté,5.0,5.0,Chelsea,75,2.71,73,2.57,69,2.54,69,2.63,67,2.50
M,135,Ziyech,6.0,6.0,Chelsea,15,0.89,17,1.01,18,1.10,19,1.24,18,1.17
M,136,Loftus-Cheek,5.0,5.0,Chelsea,14,0.63,15,0.65,17,0.75,19,0.84,17,0.76
F,137,Werner,8.0,8.0,Chelsea,39,2.30,41,2.33,37,2.22,39,2.42,42,2.50
D,138,Kenedy,4.0,4.0,Chelsea,1,0.07,1,0.12,2,0.15,2,0.18,3,0.27
D,139,Chilwell,6.0,6.0,Chelsea,83,4.07,79,3.60,77,3.75,76,4.04,75,3.81
M,140,Pulisic,6.0,6.0,Chelsea,17,0.96,18,1.01,17,0.97,18,1.09,19,1.10
D,141,Chalobah,5.0,5.0,Chelsea,23,1.06,24,1.05,24,1.11,26,1.28,26,1.24
M,142,Mount,8.0,8.0,Chelsea,79,4.78,76,4.42,75,4.61,73,4.79,72,4.47
D,143,Sarr,5.0,5.0,Chelsea,8,0.30,9,0.31,11,0.44,10,0.41,12,0.48
M,144,Hudson-Odoi,5.5,5.5,Chelsea,6,0.40,7,0.44,7,0.47,8,0.51,10,0.57
F,145,Havertz,8.0,8.0,Chelsea,67,3.66,65,3.46,66,3.64,64,3.75,63,3.53
D,146,James,6.0,6.0,Chelsea,80,4.43,79,4.01,76,4.16,76,4.52,76,4.29
G,147,Mendy,5.0,5.0,Chelsea,88,3.69,87,3.49,86,3.55,85,3.63,84,3.54
M,148,Gallagher,6.0,6.0,Chelsea,9,0.39,8,0.35,11,0.49,11,0.55,12,0.56
M,149,Gilmour,4.5,4.5,Chelsea,2,0.10,3,0.12,4,0.17,4,0.17,4,0.19
F,150,Broja,5.5,5.5,Chelsea,7,0.46,7,0.43,7,0.48,8,0.56,8,0.53
D,151,Ampadu,4.5,4.5,Chelsea,1,0.02,1,0.03,2,0.06,3,0.10,3,0.09
G,152,Guaita,4.5,4.5,Crystal Palace,84,3.17,83,2.87,83,3.40,81,2.80,77,3.25
D,153,Tomkins,4.0,4.0,Crystal Palace,8,0.28,13,0.24,16,0.61,19,0.33,18,0.76
M,154,McArthur,5.0,5.0,Crystal Palace,54,1.83,54,1.54,53,1.92,56,1.58,53,2.01
F,155,Benteke,5.5,5.5,Crystal Palace,12,0.76,11,0.57,15,0.98,14,0.69,15,1.00
D,156,Ward,4.5,4.5,Crystal Palace,14,0.43,18,0.29,20,0.73,23,0.35,23,0.89
D,157,Clyne,4.5,4.5,Crystal Palace,75,2.34,68,1.02,67,2.56,65,0.94,64,2.59
M,158,Milivojevic,4.5,4.5,Crystal Palace,21,0.93,25,0.96,24,1.08,25,0.97,28,1.27
M,159,Ayew,5.5,5.5,Crystal Palace,40,1.87,42,1.54,39,1.98,41,1.49,40,2.14
M,160,Zaha,7.0,7.0,Crystal Palace,82,3.94,79,2.81,76,4.19,77,2.69,75,4.30
M,161,Schlupp,5.0,5.0,Crystal Palace,58,2.07,57,1.71,58,2.25,56,1.68,58,2.34
G,162,Butland,4.5,4.5,Crystal Palace,1,0.03,1,0.03,1,0.04,2,0.05,3,0.13
M,163,Hughes,5.0,5.0,Crystal Palace,55,1.88,51,1.55,56,2.04,53,1.57,51,1.91
M,164,Riedewald,4.5,4.5,Crystal Palace,6,0.25,8,0.33,8,0.35,11,0.42,10,0.44
D,165,Andersen,4.5,4.5,Crystal Palace,86,2.61,82,1.16,80,3.02,79,1.08,77,3.09
F,166,Edouard,5.5,5.5,Crystal Palace,36,1.88,38,1.56,38,2.12,38,1.54,40,2.29
D,167,Guéhi,4.5,4.5,Crystal Palace,86,2.64,82,1.17,80,3.03,78,1.08,78,3.14
F,168,Mateta,5.5,5.5,Crystal Palace,57,2.92,56,2.24,52,2.96,52,2.07,51,3.02
M,169,Eze,5.5,5.5,Crystal Palace,67,3.08,63,2.24,63,3.28,61,2.16,62,3.35
D,170,Mitchell,4.5,4.5,Crystal Palace,79,2.45,78,1.13,76,2.89,74,1.06,74,2.97
M,171,Olise,5.5,5.5,Crystal Palace,53,2.60,53,2.05,54,2.94,52,1.97,51,2.92
M,172,Rak-Sakyi,4.5,4.5,Crystal Palace,5,0.25,7,0.32,8,0.44,8,0.36,9,0.54
M,173,Ebiowei,4.5,4.5,Crystal Palace,1,0.05,1,0.08,2,0.14,2,0.13,3,0.21
D,174,Ferguson,4.0,4.0,Crystal Palace,14,0.47,19,0.34,21,0.83,23,0.39,25,1.03
G,175,Johnstone,4.5,4.5,Crystal Palace,6,0.23,6,0.21,6,0.27,7,0.26,10,0.43
G,176,Begović,4.0,4.0,Everton,2,0.06,2,0.07,2,0.08,3,0.13,3,0.13
F,177,Rondón,5.0,5.0,Everton,0,0.00,15,0.82,15,1.01,14,0.81,16,0.94
D,178,Coleman,4.5,4.5,Everton,44,1.22,61,1.83,70,3.26,69,2.23,68,2.21
M,179,Townsend,5.5,5.5,Everton,6,0.31,11,0.59,13,0.88,15,0.85,17,0.93
D,180,Keane,4.5,4.5,Everton,14,0.43,18,0.58,19,0.92,16,0.57,20,0.72
M,181,Dele,5.5,5.5,Everton,28,1.36,23,1.14,24,1.39,24,1.20,27,1.32
G,182,Pickford,4.5,4.5,Everton,89,3.19,88,3.24,88,3.81,87,3.27,86,3.23
M,183,Allan,5.0,5.0,Everton,45,1.48,42,1.39,43,1.66,44,1.47,43,1.45
M,184,André Gomes,4.5,4.5,Everton,37,1.44,35,1.38,35,1.56,36,1.41,38,1.49
M,185,A.Doucouré,5.5,5.5,Everton,82,2.50,80,2.50,76,2.88,77,2.47,75,2.44
M,186,Iwobi,5.5,5.5,Everton,70,2.32,64,2.19,62,2.59,62,2.19,61,2.23
M,187,Gbamin,4.5,4.5,Everton,3,0.11,2,0.09,2,0.09,2,0.10,3,0.14
D,188,Mina,4.5,4.5,Everton,72,2.05,68,2.08,67,3.09,67,2.20,65,2.15
M,189,Gray,5.5,5.5,Everton,71,3.05,68,3.08,67,3.97,66,3.15,64,3.12
M,190,Davies,5.0,5.0,Everton,26,1.03,23,0.93,24,1.10,25,1.00,27,1.08
F,191,Calvert-Lewin,8.0,8.0,Everton,78,3.48,74,3.42,73,4.40,75,3.62,72,3.58
D,192,Holgate,4.5,4.5,Everton,69,1.87,63,1.86,59,2.64,61,1.93,60,1.90
D,193,Godfrey,4.5,4.5,Everton,15,0.43,19,0.56,22,0.93,22,0.70,24,0.74
D,194,Mykolenko,4.5,4.5,Everton,81,2.45,79,2.60,77,3.91,73,2.58,74,2.62
M,195,Gordon,5.5,5.5,Everton,70,2.92,69,2.93,67,3.68,65,2.90,63,2.84
D,196,Branthwaite,4.0,4.0,Everton,0,0.00,0,0.00,0,0.00,0,0.00,0,0.00
D,197,Patterson,4.0,4.0,Everton,3,0.07,2,0.06,2,0.08,3,0.07,3,0.08
D,198,Nkounkou,4.0,4.0,Everton,6,0.19,8,0.24,9,0.39,11,0.37,11,0.37
D,199,Tarkowski,4.5,4.5,Everton,86,2.16,81,2.24,79,3.37,77,2.26,75,2.23
M,200,Cairney,5.0,5.0,Fulham,49,1.68,50,1.86,52,2.13,51,1.74,50,1.97
D,201,Ream,4.5,4.5,Fulham,86,1.23,84,2.05,81,2.56,79,1.38,80,2.38
M,202,Knockaert,5.0,5.0,Fulham,3,0.20,5,0.29,7,0.41,9,0.43,10,0.58
M,203,Chalobah,4.5,4.5,Fulham,17,0.66,22,0.87,22,0.91,22,0.85,23,0.94
M,204,Kebano,5.5,5.5,Fulham,27,1.17,31,1.46,32,1.66,29,1.28,33,1.66
M,205,De Cordova-Reid,5.5,5.5,Fulham,46,1.67,44,1.79,44,2.06,48,1.79,44,1.96
D,206,Bryan,4.5,4.5,Fulham,37,0.77,35,1.10,38,1.47,35,0.84,38,1.41
G,207,Gazzaniga,4.0,4.0,Fulham,2,0.06,2,0.08,2,0.09,3,0.11,4,0.14
D,208,Kongolo,4.0,4.0,Fulham,9,0.20,15,0.42,20,0.70,22,0.47,22,0.77
D,209,Tosin,4.5,4.5,Fulham,87,1.29,83,2.12,80,2.62,79,1.44,81,2.48
F,210,Mitrović,6.5,6.5,Fulham,78,3.20,77,3.70,75,4.31,73,3.06,74,4.04
M,211,Reed,4.5,4.5,Fulham,67,1.86,61,1.87,63,2.04,62,1.78,60,1.92
M,212,Wilson,6.0,6.0,Fulham,78,2.83,75,3.17,73,3.66,71,2.68,70,3.40
G,213,Rodák,4.5,4.5,Fulham,87,2.99,86,3.12,86,3.39,85,2.92,85,3.29
M,214,Cavaleiro,5.0,5.0,Fulham,16,0.71,19,0.89,21,1.14,23,1.00,25,1.28
D,215,Tete,4.5,4.5,Fulham,80,1.40,76,2.21,74,2.75,75,1.56,71,2.51
M,216,Onomah,4.5,4.5,Fulham,3,0.18,7,0.35,8,0.43,8,0.39,8,0.43
D,217,Robinson,4.5,4.5,Fulham,58,0.93,61,1.61,57,1.93,59,1.13,58,1.85
F,218,Muniz,5.5,5.5,Fulham,8,0.38,9,0.49,9,0.54,13,0.61,11,0.62
F,219,Stansfield,4.5,4.5,Fulham,0,0.00,0,0.00,0,0.01,0,0.01,0,0.01
M,220,Palhinha,5.0,5.0,Fulham,77,2.06,75,2.19,73,2.33,74,2.01,71,2.22
D,221,Cooper,4.5,4.5,Leeds,78,2.87,72,2.27,69,1.75,67,1.87,64,2.40
D,222,Ayling,4.5,4.5,Leeds,13,0.54,29,1.00,47,1.28,48,1.43,46,1.85
M,223,Klich,5.0,5.0,Leeds,42,1.75,41,1.64,42,1.61,44,1.69,44,1.84
M,224,Forshaw,4.5,4.5,Leeds,7,0.31,10,0.40,10,0.40,13,0.52,13,0.55
M,225,Rodrigo,6.0,6.0,Leeds,64,3.45,61,3.04,58,2.63,56,2.64,55,3.11
D,226,Dallas,5.0,5.0,Leeds,0,0.00,0,0.00,0,0.00,0,0.00,0,0.00
F,227,Bamford,7.5,7.5,Leeds,75,4.44,70,3.82,67,3.30,68,3.47,66,4.04
D,228,Llorente,4.5,4.5,Leeds,77,3.07,69,2.39,65,1.84,62,1.91,66,2.70
M,229,Roberts,5.0,5.0,Leeds,0,0.00,0,0.00,0,0.00,0,0.00,0,0.00
D,230,Koch,4.5,4.5,Leeds,29,1.14,32,1.09,29,0.85,30,0.94,30,1.23
M,231,James,6.0,6.0,Leeds,0,0.00,44,2.08,44,1.92,41,1.86,38,2.03
M,232,Raphinha,7.0,7.0,Leeds,0,0.00,0,0.00,0,0.00,0,0.00,0,0.00
M,233,Harrison,6.0,6.0,Leeds,69,3.60,53,2.63,54,2.46,54,2.51,57,3.10
M,234,Shackleton,4.5,4.5,Leeds,2,0.13,3,0.18,3,0.17,4,0.23,5,0.25
D,235,Struijk,4.5,4.5,Leeds,71,2.67,63,2.04,63,1.67,64,1.85,56,2.19
G,236,Klaesson,4.0,4.0,Leeds,1,0.06,2,0.09,1,0.05,2,0.07,2,0.09
F,237,Greenwood,4.5,4.5,Leeds,5,0.29,6,0.33,5,0.27,6,0.31,7,0.41
G,238,Meslier,4.5,4.5,Leeds,88,3.57,87,3.33,87,3.12,87,3.21,86,3.54
D,239,Firpo,4.5,4.5,Leeds,0,0.00,0,0.00,0,0.00,2,0.08,9,0.39
M,240,Summerville,4.5,4.5,Leeds,5,0.31,1,0.09,2,0.14,2,0.13,3,0.22
M,241,Bate,4.5,4.5,Leeds,0,0.01,0,0.01,1,0.05,1,0.05,2,0.10
F,242,Gelhardt,5.5,5.5,Leeds,12,0.81,11,0.69,12,0.69,12,0.68,13,0.83
D,243,Hjelde,4.0,4.0,Leeds,11,0.39,16,0.56,14,0.42,13,0.39,15,0.59
D,244,Kristensen,5.0,5.0,Leeds,78,3.07,72,2.43,68,1.88,68,2.03,69,2.81
M,245,Roca,5.0,5.0,Leeds,60,2.10,58,1.97,58,1.85,54,1.79,56,2.03
M,246,Aaronson,5.5,5.5,Leeds,42,2.06,38,1.76,40,1.68,40,1.74,42,2.11
M,247,Gyabi,4.5,4.5,Leeds,0,0.01,0,0.00,0,0.02,0,0.02,1,0.04
G,248,Schmeichel,5.0,5.0,Leicester,88,3.78,87,3.13,87,3.78,86,3.03,86,3.39
D,249,Evans,4.5,4.5,Leicester,71,2.91,69,1.76,63,2.72,62,1.44,62,2.15
D,250,Bertrand,4.0,4.0,Leicester,1,0.07,3,0.11,3,0.16,5,0.16,4,0.17
M,251,Albrighton,5.0,5.0,Leicester,14,0.72,13,0.59,14,0.77,13,0.57,17,0.80
M,252,Mendy,4.5,4.5,Leicester,23,0.91,29,1.00,29,1.15,28,0.97,27,1.01
D,253,Vestergaard,4.0,4.0,Leicester,0,0.02,1,0.03,1,0.07,2,0.08,1,0.06
G,254,Ward,4.0,4.0,Leicester,1,0.04,2,0.06,2,0.09,3,0.10,3,0.13
F,255,Vardy,9.5,9.5,Leicester,71,4.58,70,3.34,69,4.60,66,2.94,66,3.71
D,256,Ricardo,4.5,4.5,Leicester,22,1.06,24,0.83,25,1.27,23,0.73,27,1.15
D,257,Amartey,4.5,4.5,Leicester,22,0.89,22,0.57,24,1.01,28,0.68,27,0.95
D,258,Castagne,4.5,4.5,Leicester,82,3.35,78,1.96,75,3.25,74,1.69,73,2.51
M,259,Tielemans,6.5,6.5,Leicester,82,3.18,79,2.48,78,3.13,78,2.38,79,2.82
M,260,Pérez,5.0,5.0,Leicester,26,1.47,30,1.38,33,1.86,31,1.40,30,1.54
M,261,Maddison,8.0,8.0,Leicester,76,4.70,72,3.27,71,4.54,71,3.01,69,3.70
F,262,Iheanacho,6.5,6.5,Leicester,33,2.08,32,1.59,31,2.06,35,1.65,32,1.86
M,263,Choudhury,4.5,4.5,Leicester,0,0.03,1,0.07,1,0.07,1,0.08,2,0.14
M,264,Barnes,7.0,7.0,Leicester,64,3.87,62,2.84,62,3.85,59,2.58,62,3.31
M,265,Ndidi,5.0,5.0,Leicester,65,2.17,64,1.81,61,2.07,59,1.65,59,1.85
M,266,Dewsbury-Hall,5.0,5.0,Leicester,63,2.48,61,1.99,61,2.45,61,1.90,60,2.14
D,267,Söyüncü,4.5,4.5,Leicester,17,0.69,22,0.58,24,1.03,26,0.61,27,0.93
D,268,Justin,4.5,4.5,Leicester,62,2.54,60,1.49,57,2.43,57,1.29,57,1.93
M,269,Soumaré,4.5,4.5,Leicester,4,0.20,4,0.21,7,0.36,7,0.33,8,0.39
D,270,Thomas,4.5,4.5,Leicester,13,0.55,16,0.43,20,0.88,20,0.51,20,0.71
F,271,Daka,6.0,6.0,Leicester,11,0.77,13,0.70,13,0.89,15,0.78,15,0.90
D,272,Fofana,4.5,4.5,Leicester,80,3.17,77,1.87,77,3.23,75,1.64,73,2.43
D,273,Brunt,4.0,4.0,Leicester,0,0.01,0,0.02,1,0.05,1,0.04,1,0.04
M,274,Milner,4.5,4.5,Liverpool,6,0.36,9,0.53,11,0.58,13,0.85,14,0.84
M,275,Henderson,5.5,5.5,Liverpool,63,2.57,64,2.68,62,2.27,61,2.79,62,2.57
D,276,Matip,6.0,6.0,Liverpool,72,4.01,70,3.98,65,2.87,67,4.22,63,3.57
M,277,Thiago,5.5,5.5,Liverpool,67,2.87,63,2.76,60,2.34,58,2.80,59,2.62
M,278,Chamberlain,5.0,5.0,Liverpool,6,0.51,4,0.33,6,0.43,7,0.64,9,0.67
F,279,Firmino,8.0,8.0,Liverpool,22,1.40,22,1.44,20,1.16,22,1.57,22,1.49
D,280,Van Dijk,6.5,6.5,Liverpool,86,4.44,82,4.38,81,3.30,79,4.62,77,4.05
G,281,Alisson,5.5,5.5,Liverpool,88,4.27,87,4.26,86,3.77,86,4.44,85,4.14
M,282,Fabinho,5.5,5.5,Liverpool,80,3.13,77,3.08,77,2.68,75,3.30,75,3.02
M,283,Salah,13.0,13.0,Liverpool,82,7.38,81,7.45,78,5.53,77,7.98,77,6.98
D,284,Robertson,7.0,7.0,Liverpool,84,4.90,81,4.88,80,3.69,78,5.26,77,4.59
D,285,Alexander-Arnold,7.5,7.5,Liverpool,83,5.64,80,5.64,79,4.18,78,6.08,77,5.35
D,286,Gomez,4.5,4.5,Liverpool,3,0.11,6,0.32,8,0.34,11,0.63,11,0.57
M,287,Keita,5.0,5.0,Liverpool,34,1.79,34,1.81,34,1.59,35,1.99,34,1.79
F,288,Diogo Jota,9.0,9.0,Liverpool,28,1.88,50,3.39,51,2.83,50,3.69,48,3.19
G,289,Kelleher,4.0,4.0,Liverpool,1,0.06,2,0.09,3,0.14,3,0.14,4,0.20
D,290,Konaté,5.0,5.0,Liverpool,20,0.99,24,1.22,29,1.19,27,1.56,32,1.66
M,291,Jones,5.0,5.0,Liverpool,11,0.63,14,0.78,15,0.74,16,0.92,17,0.94
D,292,Tsimikas,4.5,4.5,Liverpool,5,0.28,7,0.40,8,0.36,9,0.55,10,0.55
M,293,Luis Díaz,8.0,8.0,Liverpool,73,5.12,71,5.12,70,4.02,69,5.58,68,4.89
M,294,Elliott,5.0,5.0,Liverpool,14,0.96,10,0.74,13,0.78,15,1.11,14,0.96
D,295,N.Williams,4.0,4.0,Nott'm Forest,76,2.29,72,2.69,73,2.42,69,2.06,70,0.87
M,296,Carvalho,5.5,5.5,Liverpool,4,0.28,4,0.30,5,0.27,6,0.38,6,0.35
F,297,Darwin,9.0,9.0,Liverpool,66,4.43,60,4.17,59,3.33,61,4.67,59,4.05
D,298,Ramsay,4.0,4.0,Liverpool,1,0.03,1,0.04,2,0.06,3,0.12,2,0.10
D,299,Walker,5.0,5.0,Man City,65,2.91,61,3.50,62,2.83,59,3.10,58,3.35
M,300,Gündogan,7.5,7.5,Man City,24,1.25,28,1.75,28,1.47,32,1.84,32,2.06
M,301,De Bruyne,12.0,12.0,Man City,77,5.00,74,6.36,74,4.88,72,5.52,71,6.15
D,302,Stones,5.5,5.5,Man City,35,1.67,38,2.24,39,1.87,35,1.93,39,2.35
M,303,Mahrez,8.0,8.0,Man City,66,4.26,64,5.35,63,4.11,62,4.75,61,5.27
M,304,Sterling,10.0,10.0,Chelsea,75,4.00,71,3.72,72,3.95,70,4.10,69,3.85
M,305,Grealish,7.0,7.0,Man City,61,3.19,58,3.91,58,3.11,57,3.56,56,3.86
D,306,Cancelo,7.0,7.0,Man City,80,3.87,78,4.91,77,3.81,75,4.28,75,4.77
G,307,Ederson,5.5,5.5,Man City,89,3.92,89,4.48,88,3.94,87,4.16,87,4.43
D,308,Aké,5.0,5.0,Man City,15,0.78,16,0.98,19,0.99,21,1.24,21,1.37
D,309,Laporte,6.0,6.0,Man City,74,3.60,72,4.51,72,3.58,71,4.06,68,4.31
G,310,Steffen,4.0,4.0,Man City,1,0.04,1,0.04,1,0.04,2,0.09,2,0.09
M,311,Bernardo,7.0,7.0,Man City,63,2.74,60,3.24,59,2.65,59,2.97,60,3.30
D,312,Dias,6.0,6.0,Man City,78,3.80,76,4.78,74,3.68,74,4.26,73,4.65
D,313,Zinchenko,5.0,5.0,Arsenal,66,2.56,62,2.75,58,2.68,59,3.12,58,2.70
M,314,Foden,8.0,8.0,Man City,68,3.67,70,4.87,69,3.76,68,4.32,66,4.69
M,315,Rodri,6.0,6.0,Man City,78,2.98,74,3.45,75,2.91,72,3.11,71,3.35
M,316,Palmer,4.5,4.5,Man City,5,0.31,7,0.51,8,0.49,8,0.52,9,0.59
M,317,McAtee,4.5,4.5,Man City,2,0.12,3,0.17,5,0.27,5,0.29,6,0.38
F,318,Haaland,11.5,11.5,Man City,77,5.42,74,7.01,72,5.12,71,5.96,70,6.71
F,319,Álvarez,6.5,6.5,Man City,11,0.70,11,0.91,12,0.82,14,1.06,16,1.36
D,320,Mbete,4.0,4.0,Man City,0,0.02,1,0.04,1,0.04,2,0.09,1,0.07
M,321,Lavia,4.5,4.5,Southampton,5,0.17,6,0.24,7,0.27,8,0.30,9,0.33
D,322,Wilson-Esbrand,4.0,4.0,Man City,1,0.07,2,0.10,2,0.11,4,0.19,3,0.17
F,323,Delap,4.5,4.5,Man City,5,0.33,5,0.45,6,0.40,5,0.40,6,0.55
G,324,Ortega,4.0,4.0,Man City,0,0.00,0,0.00,0,0.00,0,0.00,0,0.00
M,325,Phillips,5.0,5.0,Man City,36,1.42,39,1.78,38,1.51,37,1.62,39,1.84
F,326,Ronaldo,10.5,10.5,Man Utd,56,3.70,53,3.21,53,2.67,52,3.23,48,2.73
G,327,De Gea,5.0,5.0,Man Utd,89,3.76,87,3.51,86,3.07,85,3.50,84,3.25
D,328,Jones,4.0,4.0,Man Utd,0,0.00,0,0.00,0,0.00,1,0.02,0,0.02
D,329,Varane,5.0,5.0,Man Utd,75,3.25,72,2.71,71,1.79,70,2.75,68,2.28
D,330,Maguire,5.0,5.0,Man Utd,60,2.49,63,2.23,61,1.47,58,2.18,59,1.89
M,331,Fred,5.5,5.5,Man Utd,59,2.32,60,2.22,58,1.91,57,2.15,56,2.00
D,332,Shaw,5.0,5.0,Man Utd,23,1.03,23,0.95,25,0.74,24,1.03,28,1.05
M,333,Fernandes,10.0,10.0,Man Utd,83,4.91,82,4.39,81,3.49,80,4.43,80,4.06
D,334,Telles,5.0,5.0,Man Utd,4,0.20,5,0.22,5,0.17,6,0.29,8,0.30
M,335,Rashford,6.5,6.5,Man Utd,65,3.47,63,3.14,63,2.63,62,3.19,62,2.94
M,336,Van de Beek,5.5,5.5,Man Utd,15,0.67,16,0.68,18,0.70,20,0.86,19,0.78
D,337,Lindelöf,4.5,4.5,Man Utd,8,0.30,9,0.30,10,0.26,13,0.48,14,0.44
M,338,McTominay,5.0,5.0,Man Utd,53,1.88,51,1.73,48,1.48,50,1.74,51,1.66
D,339,Bailly,4.0,4.0,Man Utd,3,0.10,4,0.13,5,0.12,7,0.24,6,0.19
M,340,Sancho,7.5,7.5,Man Utd,72,3.78,71,3.42,67,2.75,67,3.37,65,3.04
D,341,Wan-Bissaka,4.5,4.5,Man Utd,19,0.81,19,0.70,21,0.54,22,0.84,23,0.78
D,342,Dalot,4.5,4.5,Man Utd,65,2.78,62,2.29,60,1.51,59,2.29,59,1.96
D,343,B.Williams,4.0,4.0,Man Utd,7,0.32,12,0.44,11,0.31,12,0.47,10,0.35
M,344,Elanga,5.0,5.0,Man Utd,58,3.10,59,2.91,57,2.40,58,2.92,57,2.69
F,345,Martial,7.0,7.0,Man Utd,45,2.41,45,2.27,44,1.96,44,2.25,45,2.19
M,346,Andreas,4.5,4.5,Fulham,73,2.49,70,2.74,67,3.02,65,2.34,67,2.88
M,347,Pellistri,4.5,4.5,Man Utd,1,0.08,1,0.11,2,0.15,3,0.21,3,0.22
G,348,Heaton,4.0,4.0,Man Utd,1,0.03,2,0.07,3,0.11,4,0.16,5,0.19
M,349,Shelvey,5.0,5.0,Newcastle,61,2.31,63,2.00,63,1.79,60,1.93,55,1.49
D,350,Ritchie,4.5,4.5,Newcastle,1,0.07,3,0.11,4,0.12,4,0.15,5,0.15
D,351,Fernández,4.5,4.5,Newcastle,2,0.10,3,0.12,4,0.12,7,0.23,5,0.11
D,352,Clark,4.5,4.5,Newcastle,0,0.00,0,0.00,0,0.00,0,0.00,0,0.00
G,353,Darlow,4.0,4.0,Newcastle,0,0.00,0,0.00,0,0.01,0,0.01,0,0.01
F,354,Wood,6.0,6.0,Newcastle,13,0.92,17,0.94,19,0.93,20,1.12,18,0.82
G,355,Dubravka,4.5,4.5,Newcastle,1,0.06,1,0.05,2,0.08,2,0.10,3,0.11
F,356,Wilson,7.5,7.5,Newcastle,77,4.88,73,3.62,69,2.88,69,3.48,68,2.59
D,357,Trippier,5.0,5.0,Newcastle,79,4.25,76,2.77,73,1.80,72,2.74,72,1.31
D,358,Burn,4.5,4.5,Newcastle,34,1.69,32,1.11,32,0.76,38,1.31,37,0.63
M,359,Fraser,5.5,5.5,Newcastle,48,2.90,46,2.24,48,2.01,47,2.30,46,1.81
D,360,Lascelles,4.5,4.5,Newcastle,13,0.58,20,0.65,19,0.46,22,0.76,24,0.43
F,361,Gayle,4.5,4.5,Newcastle,1,0.07,1,0.11,2,0.14,3,0.21,4,0.26
D,362,Dummett,4.0,4.0,Newcastle,0,0.02,1,0.03,2,0.04,1,0.03,2,0.04
D,363,Manquillo,4.5,4.5,Newcastle,5,0.26,7,0.28,9,0.27,9,0.35,8,0.21
D,364,Krafth,4.5,4.5,Newcastle,6,0.29,7,0.25,9,0.23,10,0.35,12,0.22
M,365,Murphy,4.5,4.5,Newcastle,16,0.92,19,0.91,17,0.77,19,0.95,21,0.85
D,366,Schär,4.5,4.5,Newcastle,55,2.75,49,1.68,50,1.18,48,1.74,48,0.85
D,367,Targett,5.0,5.0,Newcastle,80,3.84,77,2.48,75,1.61,71,2.41,69,1.09
M,368,Saint-Maximin,6.5,6.5,Newcastle,77,4.19,73,3.11,75,2.73,71,3.08,71,2.40
M,369,Almirón,5.0,5.0,Newcastle,49,2.63,51,2.19,50,1.93,51,2.23,52,1.84
M,370,S.Longstaff,4.5,4.5,Newcastle,12,0.55,14,0.56,17,0.63,19,0.76,19,0.67
M,371,Joelinton,6.0,6.0,Newcastle,66,2.75,64,2.23,64,2.01,65,2.27,60,1.80
D,372,Lewis,4.5,4.5,Newcastle,6,0.27,8,0.28,10,0.30,11,0.42,12,0.29
M,373,Willock,5.0,5.0,Newcastle,36,1.68,38,1.48,39,1.38,38,1.51,44,1.41
M,374,Bruno Guimarães,6.0,6.0,Newcastle,82,3.95,78,2.98,75,2.52,74,2.86,76,2.33
M,375,Hendrick,4.5,4.5,Newcastle,0,0.00,0,0.00,0,0.00,0,0.00,0,0.00
G,376,Pope,5.0,5.0,Newcastle,88,3.98,88,3.44,87,3.04,86,3.37,86,2.98
D,377,Botman,4.5,4.5,Newcastle,81,3.74,79,2.44,77,1.57,72,2.34,71,1.05
M,378,Arter,4.5,4.5,Nott'm Forest,32,1.13,19,0.76,13,0.51,12,0.49,13,0.48
D,379,Cook,4.5,4.5,Nott'm Forest,42,1.03,45,1.33,47,1.25,47,1.12,50,0.46
F,380,Taylor,4.5,4.5,Nott'm Forest,3,0.15,5,0.27,5,0.28,6,0.28,7,0.27
M,381,Colback,4.5,4.5,Nott'm Forest,79,2.25,75,2.31,73,2.18,72,2.09,70,1.78
G,382,Samba,4.5,4.5,Nott'm Forest,0,0.00,0,0.00,0,0.00,0,0.00,0,0.00
M,383,Cafú,4.5,4.5,Nott'm Forest,75,2.28,68,2.27,67,2.14,68,2.11,68,1.82
M,384,Lolley,5.0,5.0,Nott'm Forest,54,2.32,51,2.47,47,2.14,49,2.15,47,1.71
D,385,McKenna,4.5,4.5,Nott'm Forest,63,1.53,62,1.86,60,1.62,58,1.39,62,0.57
D,386,Dräger,4.0,4.0,Nott'm Forest,0,0.01,1,0.03,1,0.04,2,0.07,2,0.04
M,387,Yates,5.0,5.0,Nott'm Forest,24,0.74,58,1.94,78,2.46,79,2.41,77,1.99
D,388,Worrall,4.5,4.5,Nott'm Forest,77,1.75,75,2.13,71,1.84,71,1.61,67,0.55
D,389,Panzo,4.0,4.0,Nott'm Forest,0,0.00,0,0.00,0,0.00,0,0.00,0,0.00
M,390,Xande Silva,5.0,5.0,Nott'm Forest,30,1.38,32,1.56,33,1.53,33,1.51,33,1.26
F,391,Surridge,5.0,5.0,Nott'm Forest,26,1.28,27,1.44,30,1.49,31,1.49,34,1.32
D,392,Laryea,4.5,4.5,Nott'm Forest,10,0.28,13,0.45,14,0.46,15,0.47,17,0.27
D,393,Mbe Soh,4.5,4.5,Nott'm Forest,1,0.02,1,0.04,2,0.06,3,0.08,4,0.05
F,394,Johnson,6.0,6.0,Nott'm Forest,79,3.11,77,3.43,74,3.02,72,2.85,72,2.29
M,395,Mighten,5.0,5.0,Nott'm Forest,4,0.23,6,0.35,8,0.40,8,0.43,9,0.39
M,396,Ojeda,4.5,4.5,Nott'm Forest,43,1.47,30,1.14,21,0.80,19,0.73,19,0.67
F,397,Awoniyi,6.0,6.0,Nott'm Forest,75,3.19,73,3.52,72,3.17,70,2.98,69,2.37
G,398,Henderson,4.5,4.5,Nott'm Forest,88,3.10,86,3.22,86,3.11,86,3.04,85,2.96
D,399,Biancone,4.5,4.5,Nott'm Forest,27,0.89,32,1.25,33,1.15,38,1.18,35,0.55
M,400,Walcott,5.0,5.0,Southampton,13,0.64,14,0.88,15,0.79,16,0.92,16,0.88
G,401,McCarthy,4.5,4.5,Southampton,82,2.83,82,3.29,79,2.84,80,3.00,78,2.78
M,402,Romeu,5.0,5.0,Southampton,78,2.20,75,2.57,73,2.20,72,2.28,69,2.09
M,403,Redmond,5.5,5.5,Southampton,46,1.77,50,2.48,53,2.15,52,2.28,52,2.10
D,404,Stephens,4.5,4.5,Southampton,7,0.17,10,0.38,8,0.23,13,0.39,12,0.34
M,405,S.Armstrong,5.0,5.0,Southampton,62,2.15,59,2.64,58,2.15,56,2.21,56,2.07
M,406,Elyounoussi,5.5,5.5,Southampton,58,2.15,59,2.85,55,2.22,57,2.42,58,2.30
M,407,Ward-Prowse,6.5,6.5,Southampton,84,2.87,83,3.91,79,3.01,78,3.18,79,2.98
F,408,A.Armstrong,5.5,5.5,Southampton,56,2.24,54,2.85,58,2.52,53,2.44,52,2.27
D,409,Walker-Peters,4.5,4.5,Southampton,83,1.74,78,3.04,76,2.06,76,2.38,71,1.91
D,410,Bednarek,4.5,4.5,Southampton,56,1.27,58,2.29,58,1.62,56,1.81,56,1.53
F,411,Adams,6.5,6.5,Southampton,74,2.76,72,3.58,70,2.89,70,3.02,68,2.77
M,412,Tella,5.0,5.0,Southampton,26,1.14,28,1.44,31,1.35,31,1.42,30,1.33
D,413,Lyanco,4.5,4.5,Southampton,45,0.91,42,1.52,44,1.12,40,1.19,45,1.11
D,414,Valery,4.0,4.0,Southampton,22,0.49,27,1.05,29,0.81,30,0.96,34,0.94
M,415,Smallbone,4.5,4.5,Southampton,1,0.06,2,0.15,3,0.22,3,0.23,4,0.25
M,416,Diallo,4.5,4.5,Southampton,14,0.49,16,0.63,18,0.67,22,0.80,21,0.76
D,417,Perraud,4.5,4.5,Southampton,76,1.60,74,2.87,71,1.90,71,2.21,71,1.86
M,418,Djenepo,5.0,5.0,Southampton,4,0.27,6,0.41,7,0.44,8,0.48,10,0.53
D,419,Livramento,4.5,4.5,Southampton,0,0.00,0,0.00,0,0.00,0,0.00,0,0.00
D,420,Salisu,4.5,4.5,Southampton,80,1.53,77,2.71,75,1.84,73,2.10,68,1.66
G,421,Lis,4.0,4.0,Southampton,0,0.00,0,0.00,0,0.00,0,0.00,0,0.00
G,422,Bazunu,4.5,4.5,Southampton,7,0.23,7,0.27,10,0.35,8,0.31,10,0.37
D,423,Bella-Kotchap,4.5,4.5,Southampton,12,0.28,12,0.46,13,0.36,17,0.52,19,0.52
G,424,Caballero,4.0,4.0,Southampton,0,0.00,0,0.00,0,0.00,0,0.00,0,0.00
G,425,Lloris,5.5,5.5,Spurs,88,3.97,87,3.15,87,3.84,87,3.79,87,3.46
G,426,Forster,4.0,4.0,Spurs,1,0.07,2,0.09,2,0.09,2,0.09,2,0.07
F,427,Kane,11.5,11.5,Spurs,85,6.46,82,4.18,82,5.92,79,5.43,79,4.72
M,428,Son,12.0,12.0,Spurs,82,6.37,79,4.01,77,5.70,75,5.31,76,4.59
D,429,Doherty,5.0,5.0,Spurs,59,3.69,57,2.05,56,3.33,55,3.20,55,2.58
D,430,Dier,5.0,5.0,Spurs,65,2.96,63,1.67,65,2.88,64,2.78,62,2.16
M,431,Lucas Moura,6.0,6.0,Spurs,27,1.63,17,0.83,19,1.10,20,1.11,20,1.02
D,432,Davies,5.0,5.0,Spurs,45,2.12,47,1.29,49,2.24,50,2.22,47,1.66
M,433,Højbjerg,5.5,5.5,Spurs,40,1.51,42,1.27,40,1.46,41,1.47,42,1.36
M,434,Winks,4.5,4.5,Spurs,1,0.04,1,0.05,1,0.05,1,0.06,1,0.05
D,435,Sánchez,4.5,4.5,Spurs,14,0.68,15,0.44,19,0.90,21,0.96,20,0.74
D,436,R.Sessegnon,4.5,4.5,Spurs,23,1.37,23,0.92,23,1.30,25,1.39,27,1.28
M,437,Bergwijn,5.5,5.5,Spurs,0,0.00,0,0.00,0,0.00,0,0.00,0,0.00
D,438,Reguilón,4.5,4.5,Spurs,3,0.13,4,0.13,3,0.16,6,0.30,5,0.23
D,439,Tanganga,4.0,4.0,Spurs,0,0.02,1,0.04,1,0.07,2,0.09,2,0.07
M,440,Bentancur,5.5,5.5,Spurs,65,2.51,62,1.95,64,2.43,61,2.28,58,2.00
M,441,Skipp,4.5,4.5,Spurs,21,0.84,22,0.75,25,0.96,27,1.04,27,0.96
D,442,Rodon,4.0,4.0,Spurs,0,0.01,1,0.02,1,0.08,2,0.09,2,0.09
D,443,Romero,5.0,5.0,Spurs,79,3.72,77,2.07,71,3.24,70,3.10,73,2.57
M,444,Bissouma,5.0,5.0,Spurs,54,2.32,53,1.81,51,2.10,49,2.02,52,1.91
D,445,Emerson Royal,5.0,5.0,Spurs,12,0.58,12,0.41,14,0.72,15,0.75,16,0.68
M,446,Kulusevski,8.0,8.0,Spurs,69,3.95,60,2.52,59,3.26,58,3.13,60,2.86
F,447,Scarlett,4.5,4.5,Spurs,2,0.12,1,0.04,1,0.06,1,0.09,1,0.07
D,448,Perišić,5.5,5.5,Spurs,68,4.34,66,2.45,64,3.94,62,3.71,63,3.05
M,449,White,4.5,4.5,Spurs,0,0.00,0,0.00,0,0.00,0,0.00,0,0.00
M,450,Sarr,4.5,4.5,Spurs,0,0.00,0,0.00,0,0.00,0,0.00,0,0.00
G,451,Austin,4.0,4.0,Spurs,0,0.00,0,0.00,0,0.00,0,0.00,0,0.00
M,452,Devine,4.5,4.5,Spurs,0,0.00,0,0.00,0,0.00,0,0.00,0,0.00
F,453,Parrott,4.5,4.5,Spurs,2,0.11,1,0.04,1,0.07,2,0.12,1,0.09
F,454,Richarlison,8.5,8.5,Spurs,0,0.00,44,1.83,44,2.43,47,2.51,45,2.18
G,455,Fabianski,5.0,5.0,West Ham,88,3.08,87,3.66,86,3.58,86,3.26,86,3.25
D,456,Ogbonna,4.5,4.5,West Ham,19,0.46,23,0.97,23,0.95,24,0.81,24,0.82
D,457,Cresswell,5.0,5.0,West Ham,77,1.82,75,3.30,73,3.28,71,2.47,71,2.45
F,458,Antonio,7.5,7.5,West Ham,74,2.92,70,3.62,69,3.58,66,2.99,65,3.01
D,459,Dawson,5.0,5.0,West Ham,10,0.28,13,0.59,14,0.68,18,0.67,19,0.72
M,460,Lanzini,5.5,5.5,West Ham,56,2.24,51,2.62,53,2.71,55,2.46,55,2.44
D,461,Zouma,4.5,4.5,West Ham,83,1.76,80,3.16,79,3.14,77,2.43,79,2.45
D,462,Masuaku,4.5,4.5,West Ham,7,0.26,11,0.58,13,0.72,14,0.62,15,0.64
D,463,Coufal,4.5,4.5,West Ham,81,1.77,78,3.15,78,3.14,77,2.49,77,2.44
M,464,Benrahma,6.0,6.0,West Ham,48,2.15,49,2.80,50,2.94,52,2.60,48,2.49
M,465,Bowen,8.5,8.5,West Ham,77,3.25,74,4.33,73,4.31,73,3.67,71,3.66
M,466,Vlasic,5.0,5.0,West Ham,32,1.45,37,2.03,37,2.07,39,1.89,41,2.02
M,467,Rice,5.0,5.0,West Ham,85,2.29,82,2.67,79,2.59,75,2.28,74,2.24
M,468,Soucek,5.5,5.5,West Ham,85,2.51,84,3.06,83,3.07,82,2.71,81,2.67
M,469,Fornals,5.5,5.5,West Ham,67,2.40,68,3.09,67,3.09,65,2.66,66,2.71
D,470,Diop,4.5,4.5,West Ham,2,0.05,3,0.12,4,0.15,5,0.18,5,0.16
D,471,Johnson,4.5,4.5,West Ham,21,0.57,24,1.03,25,1.08,29,1.05,29,1.04
D,472,Aguerd,5.0,5.0,West Ham,74,1.63,71,2.86,71,2.89,68,2.19,65,2.06
G,473,Areola,4.5,4.5,West Ham,1,0.04,2,0.10,3,0.11,3,0.13,3,0.12
D,474,Boly,4.5,4.5,Wolves,80,2.42,76,3.20,73,1.56,73,2.61,70,2.47
D,475,Coady,5.0,5.0,Wolves,83,2.66,81,3.59,80,1.80,79,2.96,79,2.94
F,476,Jiménez,7.0,7.0,Wolves,75,3.70,72,4.31,67,2.80,69,3.68,66,3.46
D,477,Jonny,4.5,4.5,Wolves,74,2.83,71,3.77,68,1.83,68,2.99,69,3.01
G,478,Sá,5.0,5.0,Wolves,88,3.37,87,3.80,87,3.05,87,3.54,86,3.50
M,479,Dendoncker,5.0,5.0,Wolves,44,1.57,40,1.68,44,1.40,44,1.66,47,1.73
M,480,Neves,5.5,5.5,Wolves,80,2.90,78,3.40,76,2.48,76,2.99,76,2.96
M,481,Hwang,6.0,6.0,Wolves,49,2.40,50,2.89,49,2.06,49,2.61,50,2.58
D,482,Semedo,5.0,5.0,Wolves,45,1.60,65,3.18,71,1.80,73,3.01,68,2.80
M,483,Podence,5.5,5.5,Wolves,27,1.36,28,1.66,28,1.27,30,1.61,28,1.47
D,484,Kilman,4.5,4.5,Wolves,42,1.29,66,2.81,72,1.56,70,2.50,70,2.50
M,485,Cundle,4.5,4.5,Wolves,18,0.81,19,0.91,19,0.81,20,0.93,20,0.93
M,486,Neto,5.5,5.5,Wolves,70,3.42,68,4.02,67,2.75,66,3.50,65,3.43
D,487,Aït-Nouri,4.5,4.5,Wolves,45,1.66,32,1.67,32,0.89,29,1.30,31,1.35
F,488,Fabio Silva,5.5,5.5,Wolves,13,0.81,14,0.98,19,0.96,17,1.07,20,1.22
D,489,Toti,4.0,4.0,Wolves,24,0.81,18,0.77,15,0.38,18,0.66,18,0.66
M,490,Chiquinho,5.0,5.0,Wolves,0,0.00,0,0.00,0,0.00,0,0.00,0,0.00
M,491,Adama,5.5,5.5,Wolves,19,0.91,18,0.99,18,0.81,20,0.99,21,1.00
G,492,Šarkić,4.0,4.0,Wolves,1,0.04,2,0.07,2,0.08,2,0.10,3,0.11
M,493,Gibbs-White,5.5,5.5,Wolves,3,0.17,4,0.26,6,0.30,6,0.33,7,0.37
D,494,Mosquera,4.0,4.0,Wolves,1,0.03,1,0.04,0,0.02,1,0.04,1,0.05
G,495,Matthews,4.0,4.0,Crystal Palace,0,0.00,0,0.00,0,0.00,0,0.00,0,0.01
F,496,Plange,4.5,4.5,Crystal Palace,0,0.00,0,0.00,0,0.01,0,0.01,0,0.02
G,497,Adrián,4.0,4.0,Liverpool,0,0.00,0,0.00,0,0.00,0,0.01,0,0.00
D,498,R.Williams,4.0,4.0,Liverpool,0,0.00,0,0.00,0,0.00,0,0.00,0,0.01
D,499,Davies,4.0,4.0,Liverpool,0,0.00,0,0.01,0,0.01,0,0.01,0,0.02
D,500,Van den Berg,4.0,4.0,Liverpool,0,0.00,0,0.00,0,0.00,0,0.02,1,0.03
D,501,Phillips,4.0,4.0,Liverpool,0,0.00,1,0.03,2,0.08,2,0.08,3,0.12
G,502,Carson,4.0,4.0,Man City,0,0.00,0,0.00,0,0.00,0,0.00,0,0.00
M,503,Moutinho,5.0,5.0,Wolves,80,2.71,77,3.08,74,2.26,72,2.65,71,2.58
D,504,Malacia,4.5,4.5,Man Utd,66,2.98,63,2.47,61,1.64,60,2.48,55,1.96
M,505,Rothwell,5.0,5.0,Bournemouth,21,0.97,24,0.87,26,1.07,25,0.90,27,1.20
M,506,Adams,5.0,5.0,Leeds,74,2.33,71,2.14,69,1.99,68,1.99,64,2.07
D,507,Niakhaté,4.5,4.5,Nott'm Forest,82,1.94,80,2.37,79,2.09,76,1.79,75,0.65
M,508,Sinisterra,6.5,6.5,Leeds,77,3.63,70,3.08,70,2.82,71,2.94,68,3.36
M,509,Downes,4.5,4.5,West Ham,4,0.19,6,0.31,8,0.42,10,0.45,10,0.47
D,510,Hickey,5.0,5.0,Brentford,49,1.46,41,1.43,36,1.42,35,1.54,38,1.25
D,511,Richards,4.5,4.5,Nott'm Forest,1,0.01,1,0.02,1,0.02,1,0.03,1,0.02
M,512,Aribo,5.5,5.5,Southampton,1,0.02,1,0.03,1,0.04,1,0.05,1,0.05
D,513,Lenglet,5.0,5.0,Spurs,72,3.41,70,1.93,69,3.14,66,2.94,70,2.49
M,514,C.Doucouré,5.0,5.0,Crystal Palace,1,0.04,1,0.04,1,0.06,1,0.06,2,0.07
M,515,Lewis-Potter,5.5,5.5,Brentford,3,0.14,3,0.14,3,0.15,3,0.15,3,0.15
D,516,Collins,4.5,4.5,Wolves,31,1.11,21,1.00,22,0.57,21,0.85,25,1.02
G,517,Strakosha,4.5,4.5,Brentford,0,0.01,0,0.01,1,0.03,1,0.02,1,0.04
G,518,Hennessey,4.0,4.0,Nott'm Forest,4,0.16,6,0.23,5,0.20,5,0.19,6,0.23
M,519,Eriksen,6.5,6.5,Man Utd,17,0.91,21,1.00,24,1.01,23,1.13,22,1.02
G,10001,Arijanet Muric,99.9,99.9,Man City,0,0.00,0,0.00,0,0.00,0,0.00,0,0.00
F,10003,Daniel Arzani,99.9,99.9,Man City,0,0.02,0,0.03,1,0.04,0,0.03,1,0.08
M,10009,Yangel Herrera,99.9,99.9,Man City,0,0.03,1,0.06,1,0.04,1,0.07,1,0.08
F,10011,Nahuel Bustos,99.9,99.9,Man City,0,0.00,0,0.01,0,0.03,0,0.01,0,0.04
D,10013,Emerson,99.9,99.9,Chelsea,1,0.04,1,0.05,3,0.11,2,0.10,3,0.11
D,10018,Matt Miazga,99.9,99.9,Chelsea,2,0.10,3,0.13,5,0.23,4,0.19,6,0.27
D,10020,Abdul-Rahman Baba,99.9,99.9,Chelsea,0,0.00,0,0.00,0,0.00,0,0.00,0,0.01
D,10029,Leo Östigard,99.9,99.9,Brighton,1,0.03,1,0.05,2,0.07,2,0.10,3,0.12
D,10030,Michal Karbownik,99.9,99.9,Brighton,7,0.18,7,0.26,9,0.27,10,0.41,9,0.34
F,10033,Florin Andone,99.9,99.9,Brighton,0,0.00,0,0.02,0,0.03,1,0.05,1,0.04
D,10035,Matt Clarke,99.9,99.9,Brighton,1,0.03,1,0.07,1,0.06,2,0.10,3,0.12
D,10036,Jan Paul van Hecke,99.9,99.9,Brighton,1,0.02,2,0.09,2,0.09,3,0.13,3,0.13
F,10040,Andi Zeqiri,99.9,99.9,Brighton,0,0.00,0,0.05,0,0.02,1,0.05,1,0.12
D,10047,Leif Davis,99.9,99.9,Leeds,1,0.05,3,0.12,3,0.10,3,0.10,5,0.20
F,10052,Joel Valencia,99.9,99.9,Brentford,0,0.02,0,0.03,0,0.02,1,0.06,0,0.03
D,10054,Luka Racic,99.9,99.9,Brentford,2,0.08,2,0.08,2,0.10,2,0.07,3,0.10
D,10056,Fin Stevens,99.9,99.9,Brentford,1,0.02,0,0.01,0,0.01,1,0.03,1,0.03
F,10071,Amad Diallo,99.9,99.9,Man Utd,5,0.32,6,0.36,7,0.39,7,0.41,9,0.49
M,10088,Bruno Jordão,99.9,99.9,Wolves,1,0.06,2,0.11,3,0.11,4,0.16,4,0.18
M,10093,Connor Ronan,99.9,99.9,Wolves,2,0.09,2,0.11,3,0.12,4,0.18,4,0.18
F,10094,Patrick Cutrone,99.9,99.9,Wolves,0,0.01,1,0.05,1,0.08,1,0.07,1,0.07
M,10099,Conor Coventry,99.9,99.9,West Ham,6,0.23,7,0.31,9,0.40,10,0.44,12,0.53
G,10104,Mark Gillespie,99.9,99.9,Newcastle,0,0.00,0,0.00,0,0.00,0,0.00,0,0.00
G,10124,Arthur Okonkwo,99.9,99.9,Arsenal,0,0.00,0,0.00,0,0.00,0,0.00,0,0.00
F,10132,Tahith Chong,99.9,99.9,Man Utd,1,0.04,0,0.03,1,0.04,1,0.08,1,0.09
G,10133,Marcus Bettinelli,99.9,99.9,Chelsea,0,0.00,0,0.01,0,0.00,0,0.00,0,0.00
M,10148,Tino Anjorin,99.9,99.9,Chelsea,0,0.00,0,0.00,0,0.00,0,0.00,0,0.00
M,10200,Hannibal Mejbri,99.9,99.9,Man Utd,0,0.02,0,0.03,1,0.05,1,0.06,1,0.06
D,10201,Teden Mengi,99.9,99.9,Man Utd,0,0.00,0,0.00,0,0.00,0,0.00,0,0.00
F,10202,Shola Shoretire,99.9,99.9,Man Utd,0,0.03,1,0.09,1,0.05,1,0.09,2,0.13
M,10223,James Garner,99.9,99.9,Man Utd,1,0.06,2,0.09,2,0.08,3,0.14,5,0.20
F,10227,Filip Stevanovic,99.9,99.9,Man City,0,0.00,0,0.01,0,0.01,0,0.01,0,0.01
F,10228,Marlos Moreno,99.9,99.9,Man City,0,0.01,1,0.05,1,0.04,1,0.05,1,0.10
M,10229,Ante Palaversa,99.9,99.9,Man City,0,0.02,0,0.01,1,0.05,1,0.07,1,0.06
F,10232,Léo Bonatini,99.9,99.9,Wolves,0,0.01,1,0.04,0,0.03,1,0.04,0,0.03
M,10233,Mateusz Bogusz,99.9,99.9,Leeds,1,0.04,0,0.02,1,0.04,1,0.03,1,0.05
D,10241,Benjamin Mendy,99.9,99.9,Man City,0,0.00,0,0.00,0,0.00,0,0.00,0,0.00
M,10242,Tanguy Ndombélé,99.9,99.9,Spurs,0,0.00,0,0.03,0,0.03,0,0.03,1,0.04
M,10243,Giovani Lo Celso,99.9,99.9,Spurs,1,0.11,0,0.04,1,0.07,2,0.13,2,0.13
F,10244,Bryan Gil,99.9,99.9,Spurs,19,1.19,9,0.50,9,0.61,11,0.73,11,0.62
G,10245,Rúnar Alex Rúnarsson,99.9,99.9,Arsenal,0,0.00,0,0.00,0,0.00,0,0.01,0,0.00
D,10246,Héctor Bellerín,99.9,99.9,Arsenal,5,0.19,5,0.23,6,0.26,6,0.31,7,0.33
M,10247,Dennis Praet,99.9,99.9,Leicester,5,0.27,6,0.29,6,0.36,9,0.40,8,0.41
M,10249,Matty Longstaff,99.9,99.9,Newcastle,2,0.08,2,0.10,3,0.11,4,0.19,5,0.19
G,10250,Kjell Scherpen,99.9,99.9,Brighton,0,0.00,0,0.00,0,0.00,0,0.00,0,0.01
F,10252,Evan Ferguson,99.9,99.9,Brighton,0,0.01,1,0.04,1,0.04,0,0.03,1,0.05
F,10253,Tariqe Fosu,99.9,99.9,Brentford,9,0.52,4,0.29,4,0.30,6,0.42,7,0.41
F,10254,Halil Dervisoglu,99.9,99.9,Brentford,2,0.13,3,0.18,4,0.22,5,0.28,4,0.20
D,10255,James Hill,99.9,99.9,Bournemouth,13,0.42,18,0.23,20,0.56,22,0.28,21,0.74
D,10256,Zeno Ibsen Rossi,99.9,99.9,Bournemouth,0,0.01,1,0.02,1,0.04,2,0.05,2,0.08
F,10258,Michy Batshuayi,99.9,99.9,Chelsea,2,0.17,3,0.22,4,0.24,4,0.29,5,0.32
F,10259,Alejandro Garnacho,99.9,99.9,Man Utd,1,0.04,1,0.04,1,0.04,1,0.04,1,0.07
D,10260,Axel Tuanzebe,99.9,99.9,Man Utd,0,0.00,0,0.00,0,0.02,0,0.02,0,0.01
D,10262,Álvaro Fernandez,99.9,99.9,Man Utd,0,0.01,1,0.02,1,0.03,1,0.04,1,0.03
F,10263,Mason Greenwood,99.9,99.9,Man Utd,0,0.00,0,0.00,0,0.00,0,0.00,0,0.00
G,10264,Jed Steer,99.9,99.9,Aston Villa,0,0.01,0,0.01,0,0.00,0,0.01,0,0.00
D,10265,Ashley Young,99.9,99.9,Aston Villa,9,0.38,13,0.62,14,0.56,16,0.71,17,0.57
G,10266,Darren Randolph,99.9,99.9,West Ham,0,0.00,0,0.00,1,0.02,0,0.01,0,0.01
G,10268,Kiko Casilla,99.9,99.9,Leeds,0,0.00,0,0.00,0,0.00,0,0.00,0,0.00
F,10269,Hélder Costa,99.9,99.9,Leeds,4,0.32,2,0.13,3,0.23,3,0.19,2,0.17
D,10270,Cody Drameh,99.9,99.9,Leeds,11,0.42,14,0.47,14,0.40,14,0.42,14,0.54
F,10271,Ian Poveda,99.9,99.9,Leeds,1,0.09,0,0.03,0,0.03,0,0.04,1,0.10
M,10272,Cheikhou Kouyaté,99.9,99.9,Crystal Palace,0,0.00,0,0.00,0,0.00,0,0.00,0,0.00
M,10273,Tyrese Francois,99.9,99.9,Fulham,3,0.12,4,0.19,5,0.23,6,0.24,6,0.27
G,10275,Jordan Smith,99.9,99.9,Nott'm Forest,0,0.00,0,0.00,0,0.01,0,0.00,0,0.00
D,10276,Nikolas Ioannou,99.9,99.9,Nott'm Forest,0,0.00,0,0.01,0,0.01,1,0.02,1,0.02
F,10277,Nuno Da Costa,99.9,99.9,Nott'm Forest,0,0.01,1,0.04,1,0.05,1,0.06,1,0.05
D,10289,Ludwig Augustinsson,99.9,99.9,Aston Villa,0,0.00,1,0.02,1,0.02,1,0.03,1,0.02
D,10293,Kalidou Koulibaly,99.9,99.9,Chelsea,85,3.48,83,3.15,82,3.30,81,3.55,81,3.40
M,10294,Frenkie de Jong,99.9,99.9,Man Utd,42,1.64,39,1.46,42,1.40,38,1.44,39,1.39
D,10295,Lisandro Martínez,99.9,99.9,Man Utd,40,1.73,37,1.41,38,1.00,36,1.47,37,1.29
G,10296,Nathan Trott,99.9,99.9,West Ham,0,0.00,0,0.01,0,0.00,0,0.00,0,0.00